Index,PintoBeans_Kc,PintoBeans_RD,TomatoCambodia_Kc,TomatoCambodia_RD,CucumberCambodiaSeeded_Kc,CucumberCambodiaSeeded_RD,CucumberCambodiaTranspl_Kc,CucumberCambodiaTranspl_RD,WinterWheat_Kc,WinterWheat_RD,WinterWheatUzbekistan_Kc,WinterWheatUzbekistan_RD,WinterWheatUzbKenjabaev_Kc,WinterWheatUzbKenjabaev_RD,Cotton_Kc,Cotton_RD,Potato_Kc,Potato_RD,DryRice_Kc,DryRice_RD,Potato115dFAO_Kc,Potato115dFAO_RD,Potato115dKadam_Kc,Potato115dKadam_RD,Cotton180dFAO_Kc,Cotton180dFAO_RD,Cotton180dKenjabaev_Kc,Cotton180dKenjabaev_RD,PanicumFrg60d_Kc,PanicumFrg60d_RD,Artemis95d_Kc,Artemis95d_RD
1,0.4,0.15,0.25,0.25,0.1,0.05,0.1,0.135714286,0.4,0.1,0.7,0.1,0.396783954,0.1,0.35,0.1,0.5,0.2,0.9,0.1,0.5,0.2,0.385951326,0.114777233,0.35,0.1,0.300693988,0.1,0.4,0.1,0.45,0.1
2,0.4,0.165306122,0.25,0.265306122,0.1,0.064285714,0.1,0.15,0.4,0.105656934,0.7,0.105656934,0.383966771,0.105656934,0.35,0.106443299,0.5,0.2043,0.9,0.110169492,0.5,0.203508772,0.397074944,0.129117733,0.35,0.10698324,0.282323512,0.108938547,0.4,0.125510204,0.45,0.106756757
3,0.4,0.180612245,0.25,0.280612245,0.1,0.078571429,0.1,0.164285714,0.4,0.111313869,0.7,0.111313869,0.371544883,0.111313869,0.35,0.112886598,0.5,0.2086,0.9,0.120338983,0.5,0.207017544,0.408648989,0.143034407,0.35,0.11396648,0.264876574,0.117877095,0.4,0.151020408,0.45,0.113513514
4,0.4,0.195918367,0.25,0.295918367,0.1,0.092857143,0.1,0.178571429,0.4,0.116970803,0.7,0.116970803,0.359514722,0.116970803,0.35,0.119329897,0.5,0.2129,0.9,0.130508475,0.5,0.210526316,0.420651854,0.156539782,0.35,0.120949721,0.24834118,0.126815642,0.4,0.176530612,0.45,0.12027027
5,0.4,0.21122449,0.25,0.31122449,0.1,0.107142857,0.1,0.192857143,0.4,0.122627737,0.7,0.122627737,0.347872721,0.122627737,0.35,0.125773196,0.5,0.2172,0.9,0.140677966,0.5,0.214035088,0.433062188,0.169646012,0.35,0.127932961,0.232705333,0.13575419,0.4,0.202040816,0.45,0.127027027
6,0.4,0.226530612,0.25,0.326530612,0.1,0.121428571,0.1,0.207142857,0.4,0.128284672,0.7,0.128284672,0.336615313,0.128284672,0.35,0.132216495,0.5,0.2215,0.9,0.150847458,0.5,0.21754386,0.445858894,0.182364894,0.35,0.134916201,0.217957037,0.144692737,0.4,0.22755102,0.45,0.133783784
7,0.4,0.241836735,0.25,0.341836735,0.1,0.135714286,0.1,0.221428571,0.4,0.133941606,0.7,0.133941606,0.325738928,0.133941606,0.35,0.138659794,0.5,0.2258,0.9,0.161016949,0.5,0.221052632,0.459021126,0.194707877,0.35,0.141899441,0.204084297,0.153631285,0.4,0.253061224,0.45,0.140540541
8,0.4,0.257142857,0.25,0.357142857,0.1,0.15,0.1,0.235714286,0.4,0.13959854,0.7,0.13959854,0.31524,0.13959854,0.35,0.145103093,0.5,0.2301,0.9,0.171186441,0.5,0.224561404,0.472528284,0.206686069,0.35,0.148882682,0.191075117,0.162569832,0.4,0.278571429,0.45,0.147297297
9,0.4,0.27244898,0.25,0.37244898,0.1,0.164285714,0.1,0.25,0.4,0.145255474,0.7,0.145255474,0.305114961,0.145255474,0.35,0.151546392,0.5,0.2344,0.9,0.181355932,0.5,0.228070175,0.486360014,0.218310253,0.35,0.155865922,0.1789175,0.17150838,0.4,0.304081633,0.45,0.154054054
10,0.4,0.287755102,0.25,0.387755102,0.1,0.178571429,0.1,0.25,0.4,0.150912409,0.7,0.150912409,0.295360243,0.150912409,0.35,0.157989691,0.5,0.2387,0.9,0.191525424,0.5,0.231578947,0.500496205,0.22959089,0.35,0.162849162,0.167599451,0.180446927,0.4,0.329591837,0.45,0.160810811
11,0.4,0.303061224,0.25,0.403061224,0.1,0.192857143,0.117647059,0.257352941,0.4,0.156569343,0.7,0.156569343,0.285972279,0.156569343,0.35,0.16443299,0.5,0.243,0.9,0.201694915,0.5,0.235087719,0.514916985,0.240538133,0.35,0.169832402,0.157108975,0.189385475,0.4,0.355102041,0.45,0.167567568
12,0.4,0.318367347,0.263636364,0.418367347,0.1,0.207142857,0.135294118,0.264705882,0.4,0.162226277,0.7,0.162226277,0.2769475,0.162226277,0.35,0.170876289,0.5,0.2473,0.9,0.211864407,0.5,0.238596491,0.529602718,0.251161837,0.35,0.176815642,0.147434074,0.198324022,0.4,0.380612245,0.45,0.174324324
13,0.4,0.333673469,0.277272727,0.433673469,0.1,0.221428571,0.152941176,0.272058824,0.4,0.167883212,0.7,0.167883212,0.268282339,0.167883212,0.35,0.177319588,0.5,0.2516,0.9,0.222033898,0.5,0.242105263,0.544534004,0.261471563,0.35,0.183798883,0.138562754,0.20726257,0.4,0.406122449,0.45,0.181081081
14,0.4,0.348979592,0.290909091,0.448979592,0.1,0.235714286,0.170588235,0.279411765,0.4,0.173540146,0.7,0.173540146,0.259973229,0.173540146,0.35,0.183762887,0.5,0.2559,0.9,0.23220339,0.5,0.245614035,0.559691674,0.27147659,0.35,0.190782123,0.130483018,0.216201117,0.4,0.431632653,0.45,0.187837838
15,0.4,0.364285714,0.304545455,0.464285714,0.1,0.25,0.188235294,0.286764706,0.4,0.17919708,0.7,0.17919708,0.252016602,0.17919708,0.35,0.190206186,0.5,0.2602,0.9,0.242372881,0.5,0.249122807,0.575056787,0.281185924,0.35,0.197765363,0.12318287,0.225139665,0.4,0.457142857,0.45,0.194594595
16,0.4,0.379591837,0.318181818,0.479591837,0.1,0.25,0.205882353,0.294117647,0.4,0.184854015,0.7,0.184854015,0.244408889,0.184854015,0.35,0.196649485,0.5,0.2645,0.9,0.252542373,0.5,0.252631579,0.590610628,0.290608304,0.35,0.204748603,0.116650316,0.234078212,0.4,0.482653061,0.45,0.201351351
17,0.4,0.394897959,0.331818182,0.494897959,0.117647059,0.257352941,0.223529412,0.301470588,0.4,0.190510949,0.7,0.190510949,0.237146523,0.190510949,0.35,0.203092784,0.5,0.2688,0.9,0.262711864,0.5,0.256140351,0.606334706,0.299752211,0.35,0.211731844,0.110873357,0.24301676,0.431578947,0.508163265,0.477083333,0.208108108
18,0.4,0.410204082,0.345454545,0.510204082,0.135294118,0.264705882,0.241176471,0.308823529,0.4,0.196167883,0.7,0.196167883,0.230225938,0.196167883,0.35,0.209536082,0.5,0.2731,0.9,0.272881356,0.5,0.259649123,0.62221075,0.308625874,0.35,0.218715084,0.10584,0.251955307,0.463157895,0.533673469,0.504166667,0.214864865
19,0.4,0.425510204,0.359090909,0.525510204,0.152941176,0.272058824,0.258823529,0.316176471,0.4,0.201824818,0.7,0.201824818,0.223643563,0.201824818,0.35,0.215979381,0.53,0.2774,0.9,0.283050847,0.5,0.263157895,0.638220707,0.317237281,0.35,0.225698324,0.101538248,0.260893855,0.494736842,0.559183673,0.53125,0.221621622
20,0.4,0.440816327,0.372727273,0.540816327,0.170588235,0.279411765,0.276470588,0.323529412,0.4,0.207481752,0.7,0.207481752,0.217395833,0.207481752,0.35,0.22242268,0.56,0.2817,0.9,0.293220339,0.5,0.266666667,0.65434674,0.325594182,0.35,0.232681564,0.097956104,0.269832402,0.526315789,0.584693878,0.558333333,0.228378378
21,0.4,0.456122449,0.386363636,0.556122449,0.188235294,0.286764706,0.294117647,0.330882353,0.4,0.213138686,0.7,0.213138686,0.21147918,0.213138686,0.35,0.228865979,0.59,0.286,0.9,0.303389831,0.5,0.270175439,0.670571222,0.333704099,0.35,0.239664804,0.095081574,0.27877095,0.557894737,0.610204082,0.585416667,0.235135135
22,0.425862069,0.471428571,0.4,0.571428571,0.205882353,0.294117647,0.311764706,0.338235294,0.4,0.21879562,0.7,0.21879562,0.205890035,0.21879562,0.35,0.235309278,0.62,0.2903,0.9,0.313559322,0.5,0.273684211,0.686876739,0.341574333,0.35,0.246648045,0.092902661,0.287709497,0.589473684,0.635714286,0.6125,0.241891892
23,0.451724138,0.486734694,0.413636364,0.586734694,0.223529412,0.301470588,0.329411765,0.345588235,0.4,0.224452555,0.7,0.224452555,0.200624831,0.224452555,0.35,0.241752577,0.65,0.2946,0.9,0.323728814,0.5,0.277192982,0.70324608,0.349211965,0.35,0.253631285,0.09140737,0.296648045,0.621052632,0.66122449,0.639583333,0.248648649
24,0.477586207,0.502040816,0.427272727,0.602040816,0.241176471,0.308823529,0.347058824,0.352941176,0.4,0.230109489,0.7,0.230109489,0.19568,0.230109489,0.35,0.248195876,0.68,0.2989,0.9,0.333898305,0.5,0.280701754,0.719662242,0.356623872,0.35,0.260614525,0.090583704,0.305586592,0.652631579,0.686734694,0.666666667,0.255405405
25,0.503448276,0.517346939,0.440909091,0.617346939,0.258823529,0.316176471,0.364705882,0.360294118,0.4,0.235766423,0.7,0.235766423,0.191051975,0.235766423,0.35,0.254639175,0.71,0.3032,0.9,0.344067797,0.5,0.284210526,0.73610842,0.363816724,0.35,0.267597765,0.090419667,0.31452514,0.684210526,0.712244898,0.69375,0.262162162
26,0.529310345,0.532653061,0.454545455,0.632653061,0.276470588,0.323529412,0.382352941,0.367647059,0.4,0.241423358,0.7,0.241423358,0.186737188,0.241423358,0.35,0.261082474,0.74,0.3075,1.1,0.354237288,0.5,0.287719298,0.752568011,0.370796994,0.35,0.274581006,0.090903265,0.323463687,0.715789474,0.737755102,0.720833333,0.268918919
27,0.555172414,0.547959184,0.468181818,0.647959184,0.294117647,0.330882353,0.4,0.375,0.4,0.247080292,0.7,0.247080292,0.18273207,0.247080292,0.35,0.267525773,0.76,0.3118,1.1,0.36440678,0.522413793,0.29122807,0.769024606,0.377570967,0.35,0.281564246,0.0920225,0.332402235,0.747368421,0.763265306,0.747916667,0.275675676
28,0.581034483,0.563265306,0.481818182,0.663265306,0.311764706,0.338235294,0.417647059,0.382352941,0.4,0.252737226,0.7,0.252737226,0.179033056,0.252737226,0.35,0.273969072,0.79,0.3161,1.1,0.374576271,0.544827586,0.294736842,0.78546199,0.384144738,0.35,0.288547486,0.093765377,0.341340782,0.778947368,0.78877551,0.775,0.282432432
29,0.606896552,0.578571429,0.495454545,0.678571429,0.329411765,0.345588235,0.435294118,0.389705882,0.4,0.258394161,0.7,0.258394161,0.175636576,0.258394161,0.35,0.280412371,0.82,0.3204,1.1,0.384745763,0.567241379,0.298245614,0.801864138,0.390524225,0.35,0.295530726,0.096119901,0.35027933,0.810526316,0.814285714,0.802083333,0.289189189
30,0.632758621,0.593877551,0.509090909,0.693877551,0.347058824,0.352941176,0.452941176,0.397058824,0.4,0.264051095,0.7,0.264051095,0.172539063,0.264051095,0.35,0.28685567,0.85,0.3247,1.1,0.394915254,0.589655172,0.301754386,0.818215213,0.39671517,0.35,0.302513966,0.099074074,0.359217877,0.842105263,0.839795918,0.829166667,0.295945946
31,0.65862069,0.609183673,0.522727273,0.709183673,0.364705882,0.360294118,0.470588235,0.404411765,0.416666667,0.269708029,0.71,0.269708029,0.169736949,0.269708029,0.364,0.293298969,0.88,0.329,1.1,0.405084746,0.612068966,0.305263158,0.834499563,0.402723145,0.35,0.309497207,0.102615902,0.368156425,0.873684211,0.865306122,0.85625,0.302702703
32,0.684482759,0.624489796,0.536363636,0.724489796,0.382352941,0.367647059,0.488235294,0.411764706,0.433333333,0.275364964,0.72,0.275364964,0.167226667,0.275364964,0.378,0.299742268,0.91,0.3333,1.1,0.415254237,0.634482759,0.30877193,0.85070172,0.408553557,0.366326531,0.316480447,0.106733388,0.377094972,0.905263158,0.890816327,0.883333333,0.309459459
33,0.710344828,0.639795918,0.55,0.739795918,0.4,0.375,0.505882353,0.419117647,0.45,0.281021898,0.73,0.281021898,0.165004648,0.281021898,0.392,0.306185567,0.94,0.3376,1.1,0.425423729,0.656896552,0.312280702,0.866806393,0.414211654,0.382653061,0.323463687,0.111414537,0.38603352,0.936842105,0.916326531,0.910416667,0.316216216
34,0.736206897,0.655102041,0.563636364,0.755102041,0.417647059,0.382352941,0.523529412,0.426470588,0.466666667,0.286678832,0.74,0.286678832,0.163067326,0.286678832,0.406,0.312628866,0.97,0.3419,1.1,0.43559322,0.679310345,0.315789474,0.88279847,0.41970253,0.398979592,0.330446927,0.116647353,0.394972067,0.968421053,0.941836735,0.9375,0.322972973
35,0.762068966,0.670408163,0.577272727,0.770408163,0.435294118,0.389705882,0.541176471,0.433823529,0.483333333,0.292335766,0.75,0.292335766,0.161411133,0.292335766,0.42,0.319072165,1,0.3462,1.1,0.445762712,0.701724138,0.319298246,0.898663012,0.425031125,0.415306122,0.337430168,0.122419839,0.403910615,1,0.967346939,0.964583333,0.32972973
36,0.787931034,0.685714286,0.590909091,0.785714286,0.452941176,0.397058824,0.558823529,0.441176471,0.5,0.297992701,0.76,0.297992701,0.1600325,0.297992701,0.434,0.325515464,1.03,0.3505,1.1,0.455932203,0.724137931,0.322807018,0.914385252,0.430202237,0.431632653,0.344413408,0.12872,0.412849162,1,0.992857143,0.991666667,0.336486486
37,0.813793103,0.701020408,0.604545455,0.801020408,0.470588235,0.404411765,0.576470588,0.448529412,0.516666667,0.303649635,0.77,0.303649635,0.15892786,0.303649635,0.448,0.331958763,1.06,0.3548,1.1,0.466101695,0.746551724,0.326315789,0.929950592,0.435220519,0.447959184,0.351396648,0.13553584,0.421787709,1,1.018367347,1.01875,0.343243243
38,0.839655172,0.716326531,0.618181818,0.816326531,0.488235294,0.411764706,0.594117647,0.455882353,0.533333333,0.309306569,0.78,0.309306569,0.158093646,0.309306569,0.462,0.338402062,1.09,0.3591,1.1,0.476271186,0.768965517,0.329824561,0.9453446,0.440090489,0.464285714,0.358379888,0.142855364,0.430726257,1,1.043877551,1.045833333,0.35
39,0.865517241,0.731632653,0.631818182,0.831632653,0.505882353,0.419117647,0.611764706,0.463235294,0.55,0.314963504,0.79,0.314963504,0.157526289,0.314963504,0.476,0.344845361,1.12,0.3634,1.1,0.486440678,0.79137931,0.333333333,0.960553006,0.444816529,0.480612245,0.365363128,0.150666574,0.439664804,1,1.069387755,1.072916667,0.356756757
40,0.89137931,0.746938776,0.645454545,0.846938776,0.523529412,0.426470588,0.629411765,0.470588235,0.566666667,0.320620438,0.8,0.320620438,0.157222222,0.320620438,0.49,0.35128866,1.15,0.3677,1.1,0.496610169,0.813793103,0.336842105,0.975561702,0.449402894,0.496938776,0.372346369,0.158957476,0.448603352,1,1.094897959,1.1,0.363513514
41,0.917241379,0.762244898,0.659090909,0.862244898,0.541176471,0.433823529,0.647058824,0.477941176,0.583333333,0.326277372,0.81,0.326277372,0.157177878,0.326277372,0.504,0.357731959,1.15,0.372,1.1,0.506779661,0.836206897,0.340350877,0.990356737,0.453853711,0.513265306,0.379329609,0.167716073,0.457541899,1,1.120408163,1.1,0.37027027
42,0.943103448,0.77755102,0.672727273,0.87755102,0.558823529,0.441176471,0.664705882,0.485294118,0.6,0.331934307,0.82,0.331934307,0.157389688,0.331934307,0.518,0.364175258,1.15,0.3763,1.2,0.516949153,0.85862069,0.343859649,1.004924316,0.458172987,0.529591837,0.386312849,0.17693037,0.466480447,1,1.145918367,1.1,0.377027027
43,0.968965517,0.792857143,0.686363636,0.892857143,0.576470588,0.448529412,0.682352941,0.492647059,0.616666667,0.337591241,0.83,0.337591241,0.157854084,0.337591241,0.532,0.370618557,1.15,0.3806,1.2,0.527118644,0.881034483,0.347368421,1.019250797,0.462364608,0.545918367,0.393296089,0.186588371,0.475418994,1,1.171428571,1.1,0.383783784
44,0.994827586,0.808163265,0.7,0.908163265,0.594117647,0.455882353,0.7,0.5,0.633333333,0.343248175,0.84,0.343248175,0.1585675,0.343248175,0.546,0.377061856,1.15,0.3849,1.2,0.537288136,0.903448276,0.350877193,1.033322684,0.466432349,0.562244898,0.40027933,0.19667808,0.484357542,1,1.196938776,1.1,0.390540541
45,1.020689655,0.823469388,0.713636364,0.923469388,0.611764706,0.463235294,0.7,0.5,0.65,0.348905109,0.85,0.348905109,0.159526367,0.348905109,0.56,0.383505155,1.15,0.3892,1.2,0.547457627,0.925862069,0.354385965,1.047126633,0.47037987,0.578571429,0.40726257,0.2071875,0.493296089,1,1.22244898,1.1,0.397297297
46,1.046551724,0.83877551,0.727272727,0.93877551,0.629411765,0.470588235,0.7,0.507692308,0.666666667,0.354562044,0.86,0.354562044,0.160727118,0.354562044,0.574,0.389948454,1.15,0.3935,1.2,0.557627119,0.948275862,0.357894737,1.06064944,0.474210723,0.594897959,0.41424581,0.218104636,0.502234637,1,1.247959184,1.1,0.404054054
47,1.072413793,0.854081633,0.740909091,0.954081633,0.647058824,0.477941176,0.7,0.515384615,0.683333333,0.360218978,0.87,0.360218978,0.162166185,0.360218978,0.588,0.396391753,1.15,0.3978,1.2,0.56779661,0.970689655,0.361403509,1.073878045,0.477928358,0.61122449,0.42122905,0.229417493,0.511173184,1,1.273469388,1.1,0.410810811
48,1.098275862,0.869387755,0.754545455,0.969387755,0.664705882,0.485294118,0.7,0.523076923,0.7,0.365875912,0.88,0.365875912,0.16384,0.365875912,0.602,0.402835052,1.15,0.4021,1.2,0.577966102,0.993103448,0.364912281,1.086799526,0.481536121,0.62755102,0.428212291,0.241114074,0.520111732,1,1.298979592,1.1,0.417567568
49,1.124137931,0.884693878,0.768181818,0.984693878,0.682352941,0.492647059,0.7,0.530769231,0.716666667,0.371532847,0.89,0.371532847,0.165744996,0.371532847,0.616,0.409278351,1.15,0.4064,1.2,0.588135593,1.015517241,0.368421053,1.099401097,0.485037257,0.643877551,0.435195531,0.253182383,0.529050279,1,1.324489796,1.1,0.424324324
50,1.15,0.9,0.781818182,1,0.7,0.5,0.7,0.538461538,0.733333333,0.377189781,0.9,0.377189781,0.167877604,0.377189781,0.63,0.415721649,1.15,0.4107,1.2,0.598305085,1.037931034,0.371929825,1.111670105,0.48843492,0.660204082,0.442178771,0.265610425,0.537988827,1,1.35,1.1,0.431081081
51,1.15,0.9,0.795454545,1,0.7,0.5,0.7,0.546153846,0.75,0.382846715,0.91,0.382846715,0.170234258,0.382846715,0.644,0.422164948,1.15,0.415,1.2,0.608474576,1.060344828,0.375438596,1.123594028,0.491732166,0.676530612,0.449162011,0.278386204,0.546927374,1,1.35,1.1,0.437837838
52,1.15,0.9,0.809090909,1,0.7,0.507692308,0.7,0.553846154,0.766666667,0.38850365,0.92,0.38850365,0.172811389,0.38850365,0.658,0.428608247,1.15,0.4193,1.2,0.618644068,1.082758621,0.378947368,1.135160471,0.494931964,0.692857143,0.456145251,0.291497723,0.555865922,0.983333333,1.35,1.1,0.444594595
53,1.15,0.9,0.822727273,1,0.7,0.515384615,0.7,0.561538462,0.783333333,0.394160584,0.93,0.394160584,0.17560543,0.394160584,0.672,0.435051546,1.15,0.4236,1.2,0.628813559,1.105172414,0.38245614,1.146357167,0.498037194,0.709183673,0.463128492,0.304932987,0.564804469,0.966666667,1.35,1.1,0.451351351
54,1.15,0.9,0.836363636,1,0.7,0.523076923,0.7,0.569230769,0.8,0.399817518,0.94,0.399817518,0.178612813,0.399817518,0.686,0.441494845,1.15,0.4279,1.2,0.638983051,1.127586207,0.385964912,1.157171967,0.50105065,0.725510204,0.470111732,0.31868,0.573743017,0.95,1.35,1.1,0.458108108
55,1.15,0.9,0.85,1,0.7,0.530769231,0.7,0.576923077,0.816666667,0.405474453,0.95,0.405474453,0.18182997,0.405474453,0.7,0.447938144,1.15,0.4322,1.2,0.649152542,1.15,0.389473684,1.167592845,0.503975046,0.741836735,0.477094972,0.332726766,0.582681564,0.933333333,1.35,1.1,0.464864865
56,1.15,0.9,0.85,1,0.7,0.538461538,0.7,0.584615385,0.833333333,0.411131387,0.96,0.411131387,0.185253333,0.411131387,0.714,0.454381443,1.15,0.4365,1.2,0.659322034,1.15,0.392982456,1.17760789,0.506813012,0.758163265,0.484078212,0.347061289,0.591620112,0.916666667,1.35,1.1,0.471621622
57,1.15,0.9,0.85,1,0.7,0.546153846,0.7,0.592307692,0.85,0.416788321,0.97,0.416788321,0.188879336,0.416788321,0.728,0.460824742,1.15,0.4408,1.2,0.669491525,1.15,0.396491228,1.187205308,0.509567104,0.774489796,0.491061453,0.361671574,0.600558659,0.9,1.35,1.1,0.478378378
58,1.15,0.9,0.85,1,0.7,0.553846154,0.7,0.6,0.866666667,0.422445255,0.98,0.422445255,0.19270441,0.422445255,0.742,0.467268041,1.15,0.4451,1.3,0.679661017,1.15,0.4,1.196373412,0.5122398,0.790816327,0.498044693,0.376545624,0.609497207,0.883333333,1.35,1.1,0.485135135
59,1.15,0.9,0.85,1,0.7,0.561538462,0.7,0.607692308,0.883333333,0.42810219,0.99,0.42810219,0.196724987,0.42810219,0.756,0.47371134,1.15,0.4494,1.3,0.689830508,1.15,0.403508772,1.205100629,0.514833506,0.807142857,0.505027933,0.391671444,0.618435754,0.866666667,1.35,1.1,0.491891892
60,1.15,0.9,0.85,1,0.7,0.569230769,0.7,0.615384615,0.9,0.433759124,1,0.433759124,0.2009375,0.433759124,0.77,0.480154639,1.15,0.4537,1.3,0.7,1.15,0.407017544,1.213375487,0.517350556,0.823469388,0.512011173,0.407037037,0.627374302,0.85,1.35,1.1,0.498648649
61,1.15,0.9,0.85,1,0.7,0.576923077,0.7,0.623076923,0.916666667,0.439416058,1.01,0.439416058,0.205338381,0.439416058,0.784,0.486597938,1.15,0.458,1.3,0.7,1.15,0.410526316,1.221186621,0.519793216,0.839795918,0.518994413,0.422630408,0.636312849,0.85,1.35,1.1,0.505405405
62,1.15,0.9,0.85,1,0.7,0.584615385,0.7,0.630769231,0.933333333,0.445072993,1.02,0.445072993,0.209924063,0.445072993,0.798,0.493041237,1.15,0.4623,1.3,0.7,1.15,0.414035088,1.228522765,0.522163685,0.856122449,0.525977654,0.438439561,0.645251397,0.85,1.35,1.1,0.512162162
63,1.15,0.9,0.85,1,0.7,0.592307692,0.7,0.638461538,0.95,0.450729927,1.03,0.450729927,0.214690977,0.450729927,0.812,0.499484536,1.15,0.4666,1.3,0.7,1.15,0.41754386,1.235372752,0.524464096,0.87244898,0.532960894,0.4544525,0.654189944,0.85,1.35,1.1,0.518918919
64,1.15,0.9,0.85,1,0.7,0.6,0.7,0.646153846,0.966666667,0.456386861,1.04,0.456386861,0.219635556,0.456386861,0.826,0.505927835,1.15,0.4709,1.3,0.7,1.15,0.421052632,1.241725508,0.526696519,0.88877551,0.539944134,0.470657229,0.663128492,0.85,1.35,1.1,0.525675676
65,1.15,0.9,0.85,1,0.7,0.607692308,0.7,0.653846154,0.983333333,0.462043796,1.05,0.462043796,0.224754232,0.462043796,0.84,0.512371134,1.15,0.4752,1.3,0.7,1.15,0.424561404,1.247570053,0.528862964,0.905102041,0.546927374,0.487041752,0.672067039,0.85,1.35,1.1,0.532432432
66,1.15,0.9,0.85,1,0.7,0.615384615,0.7,0.661538462,1,0.46770073,1.06,0.46770073,0.230043438,0.46770073,0.854,0.518814433,1.15,0.4795,1.3,0.7,1.15,0.428070175,1.252895496,0.530965381,0.921428571,0.553910615,0.503594074,0.681005587,0.85,1.35,1.1,0.539189189
67,1.15,0.9,0.85,1,0.7,0.623076923,0.7,0.669230769,1.016666667,0.473357664,1.07,0.473357664,0.235499605,0.473357664,0.868,0.525257732,1.15,0.4838,1.3,0.7,1.15,0.431578947,1.257691035,0.533005663,0.937755102,0.560893855,0.520302198,0.689944134,0.85,1.35,1.1,0.545945946
68,1.15,0.9,0.85,1,0.7,0.630769231,0.7,0.676923077,1.033333333,0.479014599,1.08,0.479014599,0.241119167,0.479014599,0.882,0.531701031,1.15,0.4881,1.3,0.7,1.15,0.435087719,1.261945949,0.534985645,0.954081633,0.567877095,0.537154129,0.698882682,0.85,1.35,1.1,0.552702703
69,1.15,0.9,0.85,1,0.7,0.638461538,0.7,0.684615385,1.05,0.484671533,1.09,0.484671533,0.246898555,0.484671533,0.896,0.53814433,1.15,0.4924,1.3,0.7,1.15,0.438596491,1.2656496,0.536907109,0.970408163,0.574860335,0.55413787,0.707821229,0.85,1.35,1.1,0.559459459
70,1.15,0.9,0.85,1,0.7,0.646153846,0.7,0.692307692,1.066666667,0.490328467,1.1,0.490328467,0.252834201,0.490328467,0.91,0.544587629,1.15,0.4967,1.3,0.7,1.15,0.442105263,1.26879143,0.538771786,0.986734694,0.581843575,0.571241427,0.716759777,0.85,1.35,1.1,0.566216216
71,1.15,0.9,0.85,1,0.7,0.653846154,0.7,0.7,1.083333333,0.495985401,1.11,0.495985401,0.258922539,0.495985401,0.924,0.551030928,1.15,0.501,1.3,0.7,1.15,0.445614035,1.271360954,0.540581353,1.003061224,0.588826816,0.588452802,0.725698324,0.85,1.35,1.1,0.572972973
72,1.15,0.9,0.85,1,0.7,0.661538462,0.7,0.707692308,1.1,0.501642336,1.12,0.501642336,0.26516,0.501642336,0.938,0.557474227,1.15,0.5053,1.3,0.7,1.15,0.449122807,1.273347765,0.542337439,1.019387755,0.595810056,0.60576,0.734636872,0.85,1.35,1.1,0.57972973
73,1.15,0.9,0.85,1,0.7,0.669230769,0.7,0.715384615,1.116666667,0.50729927,1.13,0.50729927,0.271543016,0.50729927,0.952,0.563917526,1.15,0.5096,1.3,0.7,1.15,0.452631579,1.274741521,0.544041626,1.035714286,0.602793296,0.623151025,0.743575419,0.85,1.35,1.1,0.586486486
74,1.15,0.9,0.85,1,0.7,0.676923077,0.7,0.723076923,1.133333333,0.512956204,1.14,0.512956204,0.278068021,0.512956204,0.966,0.570360825,1.15,0.5139,1.3,0.7,1.15,0.456140351,1.275531952,0.545695446,1.052040816,0.609776536,0.640613882,0.752513966,0.85,1.35,1.1,0.593243243
75,1.15,0.9,0.85,1,0.7,0.684615385,0.7,0.730769231,1.15,0.518613139,1.15,0.518613139,0.284731445,0.518613139,0.98,0.576804124,1.15,0.5182,1.3,0.7,1.15,0.459649123,1.275708852,0.547300388,1.068367347,0.616759777,0.658136574,0.761452514,0.85,1.35,1.1,0.6
76,1.15,0.9,0.85,1,0.7,0.692307692,0.7,0.738461538,1.15,0.524270073,1.15,0.524270073,0.291529722,0.524270073,0.994,0.583247423,1.14,0.5225,1.3,0.7,1.15,0.463157895,1.275262076,0.548857897,1.084693878,0.623743017,0.675707106,0.770391061,0.85,1.35,1.1,0.6
77,1.15,0.9,0.85,1,0.7,0.7,0.7,0.746153846,1.15,0.529927007,1.15,0.529927007,0.298459284,0.529927007,1.008,0.589690722,1.13,0.5268,1.3,0.7,1.15,0.466666667,1.274181541,0.550369374,1.101020408,0.630726257,0.693313481,0.779329609,0.85,1.35,1.081578947,0.6
78,1.15,0.9,0.85,1,0.7,0.707692308,0.7,0.753846154,1.15,0.535583942,1.15,0.535583942,0.305516563,0.535583942,1.022,0.596134021,1.13,0.5311,1.3,0.7,1.15,0.470175439,1.27245722,0.551836181,1.117346939,0.637709497,0.710943704,0.788268156,0.85,1.35,1.063157895,0.6
79,1.15,0.9,0.85,1,0.7,0.715384615,0.7,0.761538462,1.15,0.541240876,1.15,0.541240876,0.31269799,0.541240876,1.036,0.60257732,1.12,0.5354,1.3,0.7,1.15,0.473684211,1.270079139,0.553259637,1.133673469,0.644692737,0.728585778,0.797206704,0.85,1.35,1.044736842,0.6
80,1.15,0.9,0.85,1,0.7,0.723076923,0.7,0.769230769,1.15,0.54689781,1.15,0.54689781,0.32,0.54689781,1.05,0.609020619,1.12,0.5397,1.3,0.7,1.15,0.477192982,1.267037378,0.554641023,1.15,0.651675978,0.746227709,0.806145251,0.85,1.35,1.026315789,0.6
81,1.15,0.9,0.85,1,0.7,0.730769231,0.7,0.776923077,1.15,0.552554745,1.15,0.552554745,0.327419023,0.552554745,1.064,0.615463918,1.11,0.544,1.3,0.7,1.15,0.480701754,1.263322063,0.555981584,1.15,0.658659218,0.7638575,0.815083799,0.85,1.35,1.007894737,0.6
82,1.15,0.9,0.85,1,0.7,0.738461538,0.7,0.784615385,1.15,0.558211679,1.15,0.558211679,0.334951493,0.558211679,1.078,0.621907216,1.1,0.5483,1.3,0.7,1.15,0.484210526,1.258923369,0.557282525,1.15,0.665642458,0.781463155,0.824022346,0.85,1.35,0.989473684,0.6
83,1.15,0.9,0.85,1,0.7,0.746153846,0.7,0.792307692,1.15,0.563868613,1.15,0.563868613,0.342593841,0.563868613,1.092,0.628350515,1.1,0.5526,1.2,0.7,1.15,0.487719298,1.253831511,0.558545017,1.15,0.672625698,0.799032678,0.832960894,0.85,1.35,0.971052632,0.6
84,1.15,0.9,0.85,1,0.7,0.753846154,0.7,0.8,1.15,0.569525547,1.15,0.569525547,0.3503425,0.569525547,1.106,0.634793814,1.09,0.5569,1.2,0.7,1.15,0.49122807,1.248036748,0.559770197,1.15,0.679608939,0.816554074,0.841899441,0.85,1.35,0.952631579,0.6
85,1.15,0.9,0.85,1,0.7,0.761538462,0.7,0.8,1.15,0.575182482,1.15,0.575182482,0.358193902,0.575182482,1.12,0.641237113,1.09,0.5612,1.2,0.7,1.15,0.494736842,1.241529374,0.560959167,1.15,0.686592179,0.834015346,0.850837989,0.85,1.35,0.934210526,0.6
86,1.15,0.9,0.85,1,0.7,0.769230769,0.696428571,0.8,1.15,0.580839416,1.15,0.580839416,0.366144479,0.580839416,1.134,0.647680412,1.08,0.5655,1.2,0.7,1.15,0.498245614,1.23429972,0.562112998,1.15,0.693575419,0.851404499,0.859776536,0.85,1.35,0.915789474,0.6
87,1.15,0.9,0.85,1,0.7,0.776923077,0.692857143,0.8,1.15,0.58649635,1.15,0.58649635,0.374190664,0.58649635,1.148,0.654123711,1.07,0.5698,1.2,0.7,1.136206897,0.501754386,1.226338149,0.563232728,1.15,0.700558659,0.868709537,0.868715084,0.85,1.35,0.897368421,0.6
88,1.15,0.9,0.85,1,0.7,0.784615385,0.689285714,0.8,1.15,0.592153285,1.15,0.592153285,0.382328889,0.592153285,1.15,0.66056701,1.07,0.5741,1.2,0.7,1.122413793,0.505263158,1.217635053,0.564319365,1.15,0.707541899,0.885918464,0.877653631,0.85,1.35,0.878947368,0.6
89,1.15,0.9,0.85,1,0.7,0.792307692,0.685714286,0.8,1.15,0.597810219,1.15,0.597810219,0.390555586,0.597810219,1.15,0.667010309,1.06,0.5784,1.2,0.7,1.10862069,0.50877193,1.208180852,0.565373887,1.15,0.71452514,0.903019283,0.886592179,0.85,1.35,0.860526316,0.6
90,1.15,0.9,0.85,1,0.7,0.8,0.682142857,0.8,1.15,0.603467153,1.15,0.603467153,0.398867188,0.603467153,1.15,0.673453608,1.06,0.5827,1.2,0.7,1.094827586,0.512280702,1.19796599,0.566397244,1.15,0.72150838,0.92,0.895530726,0.85,1.35,0.842105263,0.6
91,1.15,0.9,0.85,1,0.7,0.8,0.678571429,0.8,1.15,0.609124088,1.15,0.609124088,0.407260126,0.609124088,1.15,0.679896907,1.05,0.587,1.2,0.7,1.081034483,0.515789474,1.186980931,0.567390355,1.15,0.72849162,0.936848618,0.904469274,0.85,1.35,0.823684211,0.6
92,1.107894737,0.9,0.85,1,0.696428571,0.8,0.675,0.8,1.15,0.614781022,1.15,0.614781022,0.415730833,0.614781022,1.15,0.686340206,1.04,0.5913,1.2,0.7,1.067241379,0.519298246,1.17521616,0.568354116,1.15,0.73547486,0.953553141,0.913407821,0.85,1.35,0.805263158,0.6
93,1.065789474,0.9,0.85,1,0.692857143,0.8,0.671428571,0.8,1.15,0.620437956,1.15,0.620437956,0.424275742,0.620437956,1.15,0.692783505,1.04,0.5956,1.2,0.7,1.053448276,0.522807018,1.162662177,0.569289393,1.15,0.742458101,0.970101574,0.922346369,0.85,1.35,0.786842105,0.6
94,1.023684211,0.9,0.85,1,0.689285714,0.8,0.667857143,0.8,1.15,0.626094891,1.15,0.626094891,0.432891285,0.626094891,1.15,0.699226804,1.03,0.5999,1.2,0.7,1.039655172,0.526315789,1.149309496,0.570197029,1.15,0.749441341,0.98648192,0.931284916,0.85,1.35,0.768421053,0.6
95,0.981578947,0.9,0.85,1,0.685714286,0.8,0.664285714,0.8,1.15,0.631751825,1.15,0.631751825,0.441573893,0.631751825,1.15,0.705670103,1.02,0.6042,1.2,0.7,1.025862069,0.529824561,1.13514864,0.57107784,1.15,0.756424581,1.002682184,0.940223464,0.85,1.35,0.75,0.6
96,0.939473684,0.9,0.85,1,0.682142857,0.8,0.660714286,0.8,1.15,0.637408759,1.15,0.637408759,0.45032,0.637408759,1.15,0.712113402,1.02,0.6085,1.2,0.7,1.012068966,0.533333333,1.120170141,0.571932619,1.15,0.763407821,1.01869037,0.949162011,0.85,1.35,0.75,0.6
97,0.897368421,0.9,0.836842105,1,0.678571429,0.8,0.657142857,0.8,1.15,0.643065693,1.15,0.643065693,0.459126037,0.643065693,1.15,0.718556701,1.01,0.6128,1.2,0.7,0.998275862,0.536842105,1.104364537,0.572762135,1.15,0.770391061,1.034494482,0.958100559,0.85,1.35,0.75,0.6
98,0.855263158,0.9,0.823684211,1,0.675,0.8,0.653571429,0.8,1.15,0.648722628,1.15,0.648722628,0.467988438,0.648722628,1.15,0.725,1.01,0.6171,1.2,0.7,0.984482759,0.540350877,1.087722367,0.573567136,1.15,0.777374302,1.050082524,0.967039106,0.85,1.35,0.75,0.6
99,0.813157895,0.9,0.810526316,1,0.671428571,0.8,0.65,0.8,1.15,0.654379562,1.15,0.654379562,0.476903633,0.654379562,1.15,0.731443299,1,0.6214,1.2,0.7,0.970689655,0.543859649,1.07023417,0.574348345,1.15,0.784357542,1.0654425,0.975977654,0.85,1.35,0.75,0.6
100,0.771052632,0.9,0.797368421,1,0.667857143,0.8,0.65,0.8,1.15,0.660036496,1.15,0.660036496,0.485868056,0.660036496,1.15,0.737886598,0.99,0.6257,0.9,0.7,0.956896552,0.547368421,1.051890483,0.575106466,1.15,0.791340782,1.080562414,0.984916201,0.85,1.35,0.75,0.6
101,0.728947368,0.9,0.784210526,1,0.664285714,0.8,0.65,0.8,1.15,0.665693431,1.15,0.665693431,0.494878138,0.665693431,1.15,0.744329897,0.99,0.63,0.9,0.7,0.943103448,0.550877193,1.032681836,0.575842181,1.15,0.798324022,1.095430271,0.993854749,0.85,1.35,0.75,0.6
102,0.686842105,0.9,0.771052632,1,0.660714286,0.8,0.65,0.8,1.15,0.671350365,1.15,0.671350365,0.503930312,0.671350365,1.15,0.750773196,0.98,0.6343,0.9,0.7,0.929310345,0.554385965,1.01259875,0.576556152,1.15,0.805307263,1.110034074,1.002793296,0.85,1.35,0.75,0.6
103,0.644736842,0.9,0.757894737,1,0.657142857,0.8,0.65,0.8,1.15,0.677007299,1.15,0.677007299,0.513021011,0.677007299,1.15,0.757216495,0.98,0.6386,0.9,0.7,0.915517241,0.557894737,0.991631738,0.577249023,1.15,0.812290503,1.124361828,1.011731844,0.85,1.35,0.75,0.6
104,0.602631579,0.9,0.744736842,1,0.653571429,0.8,0.65,0.8,1.15,0.682664234,1.15,0.682664234,0.522146667,0.682664234,1.15,0.763659794,0.97,0.6429,0.9,0.7,0.901724138,0.561403509,0.969771295,0.577921416,1.15,0.819273743,1.138401536,1.020670391,0.85,1.35,0.75,0.6
105,0.560526316,0.9,0.731578947,1,0.65,0.8,0.65,0.8,1.15,0.688321168,1.15,0.688321168,0.531303711,0.688321168,1.15,0.770103093,0.96,0.6472,0.9,0.7,0.887931034,0.564912281,0.947007902,0.578573937,1.15,0.826256983,1.152141204,1.029608939,0.85,1.35,0.75,0.6
106,0.518421053,0.9,0.718421053,1,0.65,0.8,0.65,0.8,1.15,0.693978102,1.15,0.693978102,0.540488576,0.693978102,1.15,0.776546392,0.96,0.6515,0.9,0.7,0.874137931,0.568421053,0.92333202,0.579207172,1.15,0.833240223,1.165568834,1.038547486,0.85,1.35,0.75,0.6
107,0.476315789,0.9,0.705263158,1,0.65,0.8,0.65,0.8,1.15,0.699635036,1.15,0.699635036,0.549697695,0.699635036,1.15,0.782989691,0.95,0.6558,0.9,0.7,0.860344828,0.571929825,0.898734088,0.579821693,1.15,0.840223464,1.178672431,1.047486034,0.85,1.35,0.75,0.6
108,0.434210526,0.9,0.692105263,1,0.65,0.8,0.65,0.8,1.15,0.705291971,1.15,0.705291971,0.5589275,0.705291971,1.15,0.78943299,0.95,0.6601,0.9,0.7,0.846551724,0.575438596,0.873204518,0.580418052,1.15,0.847206704,1.19144,1.056424581,0.85,1.35,0.75,0.6
109,0.392105263,0.9,0.678947368,1,0.65,0.8,0.65,0.8,1.15,0.710948905,1.15,0.710948905,0.568174423,0.710948905,1.15,0.795876289,0.94,0.6644,0.9,0.7,0.832758621,0.578947368,0.846733699,0.580996786,1.15,0.854189944,1.203859544,1.065363128,0.85,1.35,0.75,0.6
110,0.35,0.9,0.665789474,1,0.65,0.8,0.65,0.8,1.15,0.716605839,1.15,0.716605839,0.577434896,0.716605839,1.15,0.802319588,0.93,0.6687,0.9,0.7,0.818965517,0.58245614,0.819311985,0.581558416,1.15,0.861173184,1.215919067,1.074301676,0.85,1.35,0.75,0.6
111,0.35,0.9,0.652631579,1,0.65,0.8,0.65,0.8,1.15,0.722262774,1.15,0.722262774,0.586705352,0.722262774,1.15,0.808762887,0.93,0.673,0.9,0.7,0.805172414,0.585964912,0.7909297,0.582103447,1.15,0.868156425,1.227606574,1.083240223,0.85,1.35,0.75,0.6
112,0.35,0.9,0.639473684,1,0.65,0.8,0.65,0.8,1.15,0.727919708,1.15,0.727919708,0.595982222,0.727919708,1.15,0.815206186,0.92,0.6773,0.9,0.7,0.79137931,0.589473684,0.761577131,0.582632371,1.15,0.875139665,1.238910069,1.092178771,0.85,1.35,0.75,0.6
113,0.35,0.9,0.626315789,1,0.65,0.8,0.65,0.8,1.15,0.733576642,1.15,0.733576642,0.60526194,0.733576642,1.15,0.821649485,0.92,0.6816,0.9,0.7,0.777586207,0.592982456,0.731244527,0.583145662,1.15,0.882122905,1.249817555,1.101117318,0.85,1.35,0.75,0.6
114,0.35,0.9,0.613157895,1,0.65,0.8,0.65,0.8,1.15,0.739233577,1.15,0.739233577,0.614540938,0.739233577,1.15,0.828092784,0.91,0.6859,0.9,0.7,0.763793103,0.596491228,0.699922095,0.583643783,1.15,0.889106145,1.260317037,1.110055866,0.85,1.35,0.75,0.6
115,0.35,0.9,0.6,1,0.65,0.8,0.65,0.8,1.15,0.744890511,1.15,0.744890511,0.623815647,0.744890511,1.15,0.834536082,0.9,0.6902,0.9,0.7,0.75,0.6,0.6676,0.584127182,1.15,0.896089385,1.270396519,1.118994413,0.85,1.35,0.75,0.6
116,0.35,0.9,0.6,1,0.65,0.8,0.65,0.8,1.15,0.750547445,1.15,0.750547445,0.6330825,0.750547445,1.15,0.840979381,0.9,0.6945,0.9,0.7,0.75,0.6,0.6676,0.584127182,1.15,0.903072626,1.280044005,1.127932961,0.85,1.35,0.75,0.6
117,0.35,0.9,0.6,1,0.65,0.8,0.65,0.8,1.15,0.75620438,1.15,0.75620438,0.64233793,0.75620438,1.15,0.84742268,0.89,0.6988,0.9,0.7,0.75,0.6,0.6676,0.584127182,1.15,0.910055866,1.2892475,1.136871508,0.85,1.35,0.75,0.6
118,0.35,0.9,0.6,1,0.65,0.8,0.65,0.8,1.15,0.761861314,1.15,0.761861314,0.651578368,0.761861314,1.15,0.853865979,0.88,0.7031,0.9,0.7,0.75,0.6,0.6676,0.584127182,1.15,0.917039106,1.297995007,1.145810056,0.85,1.35,0.75,0.6
119,0.35,0.9,0.6,1,0.65,0.8,0.65,0.8,1.15,0.767518248,1.15,0.767518248,0.660800247,0.767518248,1.15,0.860309278,0.88,0.7074,0.9,0.7,0.75,0.6,0.6676,0.584127182,1.15,0.924022346,1.30627453,1.154748603,0.85,1.35,0.75,0.6
120,0.35,0.9,0.6,1,0.65,0.8,0.65,0.8,1.15,0.773175182,1.15,0.773175182,0.67,0.773175182,1.15,0.866752577,0.87,0.7117,0.9,0.7,0.75,0.6,0.6676,0.584127182,1.15,0.931005587,1.314074074,1.163687151,0.85,1.35,0.75,0.6
121,0.35,0.9,0.6,1,0.65,0.8,0.65,0.8,1.15,0.778832117,1.15,0.778832117,0.679174058,0.778832117,1.15,0.873195876,0.87,0.716,0.9,0.7,0.75,0.6,0.6676,0.584127182,1.15,0.937988827,1.321381643,1.172625698,0.85,1.35,0.75,0.6
122,0.35,0.9,0.6,1,0.65,0.8,0.65,0.8,1.15,0.784489051,1.15,0.784489051,0.688318854,0.784489051,1.15,0.879639175,0.86,0.7203,0.9,0.7,0.75,0.6,0.6676,0.584127182,1.15,0.944972067,1.32818524,1.181564246,0.85,1.35,0.75,0.6
123,0.35,0.9,0.6,1,0.65,0.8,0.65,0.8,1.15,0.790145985,1.15,0.790145985,0.69743082,0.790145985,1.15,0.886082474,0.85,0.7246,0.9,0.7,0.75,0.6,0.6676,0.584127182,1.15,0.951955307,1.33447287,1.190502793,0.85,1.35,0.75,0.6
124,0.35,0.9,0.6,1,0.65,0.8,0.65,0.8,1.15,0.79580292,1.15,0.79580292,0.706506389,0.79580292,1.15,0.892525773,0.85,0.7289,0.9,0.7,0.75,0.6,0.6676,0.584127182,1.15,0.958938547,1.340232538,1.199441341,0.85,1.35,0.75,0.6
125,0.35,0.9,0.6,1,0.65,0.8,0.65,0.8,1.15,0.801459854,1.15,0.801459854,0.715541992,0.801459854,1.15,0.898969072,0.84,0.7332,0.9,0.7,0.75,0.6,0.6676,0.584127182,1.15,0.965921788,1.345452246,1.208379888,0.85,1.35,0.75,0.6
126,0.35,0.9,0.6,1,0.65,0.8,0.65,0.8,1.15,0.807116788,1.15,0.807116788,0.724534062,0.807116788,1.15,0.905412371,0.84,0.7375,0.9,0.7,0.75,0.6,0.6676,0.584127182,1.15,0.972905028,1.35012,1.217318436,0.85,1.35,0.75,0.6
127,0.35,0.9,0.6,1,0.65,0.8,0.65,0.8,1.15,0.812773723,1.15,0.812773723,0.733479032,0.812773723,1.15,0.91185567,0.83,0.7418,0.9,0.7,0.75,0.6,0.6676,0.584127182,1.15,0.979888268,1.354223803,1.226256983,0.85,1.35,0.75,0.6
128,0.35,0.9,0.6,1,0.65,0.8,0.65,0.8,1.15,0.818430657,1.15,0.818430657,0.742373333,0.818430657,1.15,0.918298969,0.82,0.7461,0.9,0.7,0.75,0.6,0.6676,0.584127182,1.15,0.986871508,1.35775166,1.235195531,0.85,1.35,0.75,0.6
129,0.35,0.9,0.6,1,0.65,0.8,0.65,0.8,1.15,0.824087591,1.15,0.824087591,0.751213398,0.824087591,1.15,0.924742268,0.82,0.7504,0.9,0.7,0.75,0.6,0.6676,0.584127182,1.15,0.993854749,1.360691574,1.244134078,0.85,1.35,0.75,0.6
130,0.35,0.9,0.6,1,0.65,0.8,0.65,0.8,1.15,0.829744526,1.15,0.829744526,0.75999566,0.829744526,1.15,0.931185567,0.81,0.7547,0.9,0.7,0.75,0.6,0.6676,0.584127182,1.15,1.000837989,1.36303155,1.253072626,0.85,1.35,0.75,0.6
131,0.35,0.9,0.6,1,0.65,0.8,0.65,0.8,1.15,0.83540146,1.15,0.83540146,0.768716549,0.83540146,1.15,0.937628866,0.81,0.759,0.9,0.7,0.75,0.6,0.6676,0.584127182,1.15,1.007821229,1.364759592,1.262011173,0.85,1.35,0.75,0.6
132,0.35,0.9,0.6,1,0.65,0.8,0.65,0.8,1.15,0.841058394,1.15,0.841058394,0.7773725,0.841058394,1.15,0.944072165,0.8,0.7633,0.9,0.7,0.75,0.6,0.6676,0.584127182,1.15,1.014804469,1.365863704,1.270949721,0.85,1.35,0.75,0.6
133,0.35,0.9,0.6,1,0.65,0.8,0.65,0.8,1.15,0.846715328,1.15,0.846715328,0.785959944,0.846715328,1.15,0.950515464,0.79,0.7676,0.9,0.7,0.75,0.6,0.6676,0.584127182,1.15,1.021787709,1.36633189,1.279888268,0.85,1.35,0.75,0.6
134,0.35,0.9,0.6,1,0.65,0.8,0.65,0.8,1.15,0.852372263,1.15,0.852372263,0.794475312,0.852372263,1.15,0.956958763,0.79,0.7719,0.9,0.7,0.75,0.6,0.6676,0.584127182,1.15,1.02877095,1.366152154,1.288826816,0.85,1.35,0.75,0.6
135,0.35,0.9,0.6,1,0.65,0.8,0.65,0.8,1.15,0.858029197,1.15,0.858029197,0.802915039,0.858029197,1.15,0.963402062,0.78,0.7762,0.9,0.7,0.75,0.6,0.6676,0.584127182,1.15,1.03575419,1.3653125,1.297765363,0.85,1.35,0.75,0.6
136,0.35,0.9,0.6,1,0.65,0.8,0.65,0.8,1.15,0.863686131,1.15,0.863686131,0.811275556,0.863686131,1.15,0.969845361,0.77,0.7805,0.9,0.7,0.75,0.6,0.6676,0.584127182,1.15,1.04273743,1.363800933,1.306703911,0.85,1.35,0.75,0.6
137,0.35,0.9,0.6,1,0.65,0.8,0.65,0.8,1.15,0.869343066,1.15,0.869343066,0.819553294,0.869343066,1.15,0.97628866,0.77,0.7848,0.9,0.7,0.75,0.6,0.6676,0.584127182,1.1375,1.04972067,1.361605456,1.315642458,0.85,1.35,0.75,0.6
138,0.35,0.9,0.6,1,0.65,0.8,0.65,0.8,1.15,0.875,1.15,0.875,0.827744688,0.875,1.15,0.982731959,0.76,0.7891,0.9,0.7,0.75,0.6,0.6676,0.584127182,1.125,1.056703911,1.358714074,1.324581006,0.85,1.35,0.75,0.6
139,0.35,0.9,0.6,1,0.65,0.8,0.65,0.8,1.15,0.880656934,1.15,0.880656934,0.835846168,0.880656934,1.15,0.989175258,0.76,0.7934,0.9,0.7,0.75,0.6,0.6676,0.584127182,1.1125,1.063687151,1.355114791,1.333519553,0.85,1.35,0.75,0.6
140,0.35,0.9,0.6,1,0.65,0.8,0.65,0.8,1.15,0.886313869,1.15,0.886313869,0.843854167,0.886313869,1.15,0.995618557,0.75,0.7977,0.9,0.7,0.75,0.6,0.6676,0.584127182,1.1,1.070670391,1.35079561,1.342458101,0.85,1.35,0.75,0.6
141,0.35,0.9,0.6,1,0.65,0.8,0.65,0.8,1.15,0.891970803,1.15,0.891970803,0.851765117,0.891970803,1.15,1.002061856,0.74,0.802,0.9,0.7,0.75,0.6,0.6676,0.584127182,1.0875,1.077653631,1.345744537,1.351396648,0.85,1.35,0.75,0.6
142,0.35,0.9,0.6,1,0.65,0.8,0.65,0.8,1.15,0.897627737,1.15,0.897627737,0.859575451,0.897627737,1.15,1.008505155,0.74,0.8063,0.9,0.7,0.75,0.6,0.6676,0.584127182,1.075,1.084636872,1.339949575,1.360335196,0.85,1.35,0.75,0.6
143,0.35,0.9,0.6,1,0.65,0.8,0.65,0.8,1.15,0.903284672,1.15,0.903284672,0.867281602,0.903284672,1.15,1.014948454,0.73,0.8106,0.9,0.7,0.75,0.6,0.6676,0.584127182,1.0625,1.091620112,1.333398728,1.369273743,0.85,1.35,0.75,0.6
144,0.35,0.9,0.6,1,0.65,0.8,0.65,0.8,1.15,0.908941606,1.15,0.908941606,0.87488,0.908941606,1.15,1.021391753,0.73,0.8106,0.9,0.7,0.75,0.6,0.6676,0.584127182,1.05,1.098603352,1.32608,1.378212291,0.85,1.35,0.75,0.6
145,0.35,0.9,0.6,1,0.65,0.8,0.65,0.8,1.15,0.91459854,1.15,0.91459854,0.882367079,0.91459854,1.15,1.027835052,0.73,0.8106,0.9,0.7,0.75,0.6,0.6676,0.584127182,1.0375,1.105586592,1.317981396,1.387150838,0.85,1.35,0.75,0.6
146,0.35,0.9,0.6,1,0.65,0.8,0.65,0.8,1.15,0.920255474,1.15,0.920255474,0.889739271,0.920255474,1.15,1.034278351,0.73,0.8106,0.9,0.7,0.75,0.6,0.6676,0.584127182,1.025,1.112569832,1.309090919,1.396089385,0.85,1.35,0.75,0.6
147,0.35,0.9,0.6,1,0.65,0.8,0.65,0.8,1.15,0.925912409,1.15,0.925912409,0.896993008,0.925912409,1.15,1.040721649,0.73,0.8106,0.9,0.7,0.75,0.6,0.6676,0.584127182,1.0125,1.119553073,1.299396574,1.405027933,0.85,1.35,0.75,0.6
148,0.35,0.9,0.6,1,0.65,0.8,0.65,0.8,1.15,0.931569343,1.15,0.931569343,0.904124722,0.931569343,1.15,1.047164948,0.73,0.8106,0.9,0.7,0.75,0.6,0.6676,0.584127182,1,1.126536313,1.288886365,1.41396648,0.85,1.35,0.75,0.6
149,0.35,0.9,0.6,1,0.65,0.8,0.65,0.8,1.15,0.937226277,1.15,0.937226277,0.911130846,0.937226277,1.15,1.053608247,0.73,0.8106,0.9,0.7,0.75,0.6,0.6676,0.584127182,0.9875,1.133519553,1.277548296,1.422905028,0.85,1.35,0.75,0.6
150,0.35,0.9,0.6,1,0.65,0.8,0.65,0.8,1.15,0.942883212,1.15,0.942883212,0.918007813,0.942883212,1.137,1.060051546,0.73,0.8106,0.9,0.7,0.75,0.6,0.6676,0.584127182,0.975,1.140502793,1.26537037,1.431843575,0.85,1.35,0.75,0.6
151,0.35,0.9,0.6,1,0.65,0.8,0.65,0.8,1.15,0.948540146,1.15,0.948540146,0.924752053,0.948540146,1.124,1.066494845,0.73,0.8106,0.9,0.7,0.75,0.6,0.6676,0.584127182,0.9625,1.147486034,1.252340593,1.440782123,0.85,1.35,0.75,0.6
152,0.35,0.9,0.6,1,0.65,0.8,0.65,0.8,1.15,0.95419708,1.15,0.95419708,0.93136,0.95419708,1.111,1.072938144,0.73,0.8106,0.9,0.7,0.75,0.6,0.6676,0.584127182,0.95,1.154469274,1.238446968,1.44972067,0.85,1.35,0.75,0.6
153,0.35,0.9,0.6,1,0.65,0.8,0.65,0.8,1.15,0.959854015,1.15,0.959854015,0.937828086,0.959854015,1.098,1.079381443,0.73,0.8106,0.9,0.7,0.75,0.6,0.6676,0.584127182,0.9375,1.161452514,1.2236775,1.458659218,0.85,1.35,0.75,0.6
154,0.35,0.9,0.6,1,0.65,0.8,0.65,0.8,1.15,0.965510949,1.15,0.965510949,0.944152743,0.965510949,1.085,1.085824742,0.73,0.8106,0.9,0.7,0.75,0.6,0.6676,0.584127182,0.925,1.168435754,1.208020192,1.467597765,0.85,1.35,0.75,0.6
155,0.35,0.9,0.6,1,0.65,0.8,0.65,0.8,1.15,0.971167883,1.15,0.971167883,0.950330404,0.971167883,1.072,1.092268041,0.73,0.8106,0.9,0.7,0.75,0.6,0.6676,0.584127182,0.9125,1.175418994,1.191463049,1.476536313,0.85,1.35,0.75,0.6
156,0.35,0.9,0.6,1,0.65,0.8,0.65,0.8,1.15,0.976824818,1.15,0.976824818,0.9563575,0.976824818,1.059,1.09871134,0.73,0.8106,0.9,0.7,0.75,0.6,0.6676,0.584127182,0.9,1.182402235,1.173994074,1.48547486,0.85,1.35,0.75,0.6
157,0.35,0.9,0.6,1,0.65,0.8,0.65,0.8,1.15,0.982481752,1.15,0.982481752,0.962230464,0.982481752,1.046,1.105154639,0.73,0.8106,0.9,0.7,0.75,0.6,0.6676,0.584127182,0.8875,1.189385475,1.155601272,1.494413408,0.85,1.35,0.75,0.6
158,0.35,0.9,0.6,1,0.65,0.8,0.65,0.8,1.15,0.988138686,1.15,0.988138686,0.967945729,0.988138686,1.033,1.111597938,0.73,0.8106,0.9,0.7,0.75,0.6,0.6676,0.584127182,0.875,1.196368715,1.136272647,1.503351955,0.85,1.35,0.75,0.6
159,0.35,0.9,0.6,1,0.65,0.8,0.65,0.8,1.15,0.99379562,1.15,0.99379562,0.973499727,0.99379562,1.02,1.118041237,0.73,0.8106,0.9,0.7,0.75,0.6,0.6676,0.584127182,0.8625,1.203351955,1.115996204,1.512290503,0.85,1.35,0.75,0.6
160,0.35,0.9,0.6,1,0.65,0.8,0.65,0.8,1.15,0.999452555,1.15,0.999452555,0.978888889,0.999452555,1.007,1.124484536,0.73,0.8106,0.9,0.7,0.75,0.6,0.6676,0.584127182,0.85,1.210335196,1.094759945,1.52122905,0.85,1.35,0.75,0.6
161,0.35,0.9,0.6,1,0.65,0.8,0.65,0.8,1.15,1.005109489,1.15,1.005109489,0.984109648,1.005109489,0.994,1.130927835,0.73,0.8106,0.9,0.7,0.75,0.6,0.6676,0.584127182,0.8375,1.217318436,1.072551876,1.530167598,0.85,1.35,0.75,0.6
162,0.35,0.9,0.6,1,0.65,0.8,0.65,0.8,1.15,1.010766423,1.15,1.010766423,0.989158437,1.010766423,0.981,1.137371134,0.73,0.8106,0.9,0.7,0.75,0.6,0.6676,0.584127182,0.825,1.224301676,1.04936,1.539106145,0.85,1.35,0.75,0.6
163,0.35,0.9,0.6,1,0.65,0.8,0.65,0.8,1.15,1.016423358,1.15,1.016423358,0.994031688,1.016423358,0.968,1.143814433,0.73,0.8106,0.9,0.7,0.75,0.6,0.6676,0.584127182,0.8125,1.231284916,1.025172322,1.548044693,0.85,1.35,0.75,0.6
164,0.35,0.9,0.6,1,0.65,0.8,0.65,0.8,1.15,1.022080292,1.15,1.022080292,0.998725833,1.022080292,0.955,1.150257732,0.73,0.8106,0.9,0.7,0.75,0.6,0.6676,0.584127182,0.8,1.238268156,0.999976845,1.55698324,0.85,1.35,0.75,0.6
165,0.35,0.9,0.6,1,0.65,0.8,0.65,0.8,1.15,1.027737226,1.15,1.027737226,1.003237305,1.027737226,0.942,1.156701031,0.73,0.8106,0.9,0.7,0.75,0.6,0.6676,0.584127182,0.7875,1.245251397,0.973761574,1.565921788,0.85,1.35,0.75,0.6
166,0.35,0.9,0.6,1,0.65,0.8,0.65,0.8,1.15,1.033394161,1.15,1.033394161,1.007562535,1.033394161,0.929,1.16314433,0.73,0.8106,0.9,0.7,0.75,0.6,0.6676,0.584127182,0.775,1.252234637,0.946514513,1.574860335,0.85,1.35,0.75,0.6
167,0.35,0.9,0.6,1,0.65,0.8,0.65,0.8,1.15,1.039051095,1.15,1.039051095,1.011697956,1.039051095,0.916,1.169587629,0.73,0.8106,0.9,0.7,0.75,0.6,0.6676,0.584127182,0.7625,1.259217877,0.918223666,1.583798883,0.85,1.35,0.75,0.6
168,0.35,0.9,0.6,1,0.65,0.8,0.65,0.8,1.15,1.044708029,1.15,1.044708029,1.01564,1.044708029,0.903,1.176030928,0.73,0.8106,0.9,0.7,0.75,0.6,0.6676,0.584127182,0.75,1.266201117,0.888877037,1.59273743,0.85,1.35,0.75,0.6
169,0.35,0.9,0.6,1,0.65,0.8,0.65,0.8,1.15,1.050364964,1.15,1.050364964,1.0193851,1.050364964,0.89,1.182474227,0.73,0.8106,0.9,0.7,0.75,0.6,0.6676,0.584127182,0.7375,1.273184358,0.85846263,1.601675978,0.85,1.35,0.75,0.6
170,0.35,0.9,0.6,1,0.65,0.8,0.65,0.8,1.15,1.056021898,1.15,1.056021898,1.022929688,1.056021898,0.877,1.188917526,0.73,0.8106,0.9,0.7,0.75,0.6,0.6676,0.584127182,0.725,1.280167598,0.82696845,1.610614525,0.85,1.35,0.75,0.6
171,0.35,0.9,0.6,1,0.65,0.8,0.65,0.8,1.15,1.061678832,1.15,1.061678832,1.026270195,1.061678832,0.864,1.195360825,0.73,0.8106,0.9,0.7,0.75,0.6,0.6676,0.584127182,0.7125,1.287150838,0.7943825,1.619553073,0.85,1.35,0.75,0.6
172,0.35,0.9,0.6,1,0.65,0.8,0.65,0.8,1.15,1.067335766,1.15,1.067335766,1.029403056,1.067335766,0.851,1.201804124,0.73,0.8106,0.9,0.7,0.75,0.6,0.6676,0.584127182,0.7,1.294134078,0.760692785,1.62849162,0.85,1.35,0.75,0.6
173,0.35,0.9,0.6,1,0.65,0.8,0.65,0.8,1.15,1.072992701,1.15,1.072992701,1.032324701,1.072992701,0.838,1.208247423,0.73,0.8106,0.9,0.7,0.75,0.6,0.6676,0.584127182,0.6875,1.301117318,0.725887308,1.637430168,0.85,1.35,0.75,0.6
174,0.35,0.9,0.6,1,0.65,0.8,0.65,0.8,1.15,1.078649635,1.15,1.078649635,1.035031563,1.078649635,0.825,1.214690722,0.73,0.8106,0.9,0.7,0.75,0.6,0.6676,0.584127182,0.675,1.308100559,0.689954074,1.646368715,0.85,1.35,0.75,0.6
175,0.35,0.9,0.6,1,0.65,0.8,0.65,0.8,1.15,1.084306569,1.15,1.084306569,1.037520074,1.084306569,0.812,1.221134021,0.73,0.8106,0.9,0.7,0.75,0.6,0.6676,0.584127182,0.6625,1.315083799,0.652881087,1.655307263,0.85,1.35,0.75,0.6
176,0.35,0.9,0.6,1,0.65,0.8,0.65,0.8,1.15,1.089963504,1.15,1.089963504,1.039786667,1.089963504,0.799,1.22757732,0.73,0.8106,0.9,0.7,0.75,0.6,0.6676,0.584127182,0.65,1.322067039,0.614656351,1.66424581,0.85,1.35,0.75,0.6
177,0.35,0.9,0.6,1,0.65,0.8,0.65,0.8,1.15,1.095620438,1.15,1.095620438,1.041827773,1.095620438,0.786,1.234020619,0.73,0.8106,0.9,0.7,0.75,0.6,0.6676,0.584127182,0.6375,1.329050279,0.57526787,1.673184358,0.85,1.35,0.75,0.6
178,0.35,0.9,0.6,1,0.65,0.8,0.65,0.8,1.15,1.101277372,1.15,1.101277372,1.043639826,1.101277372,0.773,1.240463918,0.73,0.8106,0.9,0.7,0.75,0.6,0.6676,0.584127182,0.625,1.33603352,0.534703649,1.682122905,0.85,1.35,0.75,0.6
179,0.35,0.9,0.6,1,0.65,0.8,0.65,0.8,1.15,1.106934307,1.15,1.106934307,1.045219258,1.106934307,0.76,1.246907216,0.73,0.8106,0.9,0.7,0.75,0.6,0.6676,0.584127182,0.6125,1.34301676,0.492951691,1.691061453,0.85,1.35,0.75,0.6
180,0.35,0.9,0.6,1,0.65,0.8,0.65,0.8,1.15,1.112591241,1.15,1.112591241,1.0465625,1.112591241,0.747,1.253350515,0.73,0.8106,0.9,0.7,0.75,0.6,0.6676,0.584127182,0.6,1.35,0.45,1.7,0.85,1.35,0.75,0.6
181,0.35,0.9,0.6,1,0.65,0.8,0.65,0.8,1.15,1.118248175,1.15,1.118248175,1.047665985,1.118248175,0.734,1.259793814,0.73,0.8106,0.9,0.7,0.75,0.6,0.6676,0.584127182,0.6,1.35,0.45,1.7,0.85,1.35,0.75,0.6
182,0.35,0.9,0.6,1,0.65,0.8,0.65,0.8,1.15,1.123905109,1.15,1.123905109,1.048526146,1.123905109,0.721,1.266237113,0.73,0.8106,0.9,0.7,0.75,0.6,0.6676,0.584127182,0.6,1.35,0.45,1.7,0.85,1.35,0.75,0.6
183,0.35,0.9,0.6,1,0.65,0.8,0.65,0.8,1.15,1.129562044,1.15,1.129562044,1.049139414,1.129562044,0.708,1.272680412,0.73,0.8106,0.9,0.7,0.75,0.6,0.6676,0.584127182,0.6,1.35,0.45,1.7,0.85,1.35,0.75,0.6
184,0.35,0.9,0.6,1,0.65,0.8,0.65,0.8,1.15,1.135218978,1.15,1.135218978,1.049502222,1.135218978,0.695,1.279123711,0.73,0.8106,0.9,0.7,0.75,0.6,0.6676,0.584127182,0.6,1.35,0.45,1.7,0.85,1.35,0.75,0.6
185,0.35,0.9,0.6,1,0.65,0.8,0.65,0.8,1.15,1.140875912,1.15,1.140875912,1.049611003,1.140875912,0.682,1.28556701,0.73,0.8106,0.9,0.7,0.75,0.6,0.6676,0.584127182,0.6,1.35,0.45,1.7,0.85,1.35,0.75,0.6
186,0.35,0.9,0.6,1,0.65,0.8,0.65,0.8,1.15,1.146532847,1.15,1.146532847,1.049462188,1.146532847,0.669,1.292010309,0.73,0.8106,0.9,0.7,0.75,0.6,0.6676,0.584127182,0.6,1.35,0.45,1.7,0.85,1.35,0.75,0.6
187,0.35,0.9,0.6,1,0.65,0.8,0.65,0.8,1.15,1.152189781,1.15,1.152189781,1.049052209,1.152189781,0.656,1.298453608,0.73,0.8106,0.9,0.7,0.75,0.6,0.6676,0.584127182,0.6,1.35,0.45,1.7,0.85,1.35,0.75,0.6
188,0.35,0.9,0.6,1,0.65,0.8,0.65,0.8,1.15,1.157846715,1.15,1.157846715,1.0483775,1.157846715,0.643,1.304896907,0.73,0.8106,0.9,0.7,0.75,0.6,0.6676,0.584127182,0.6,1.35,0.45,1.7,0.85,1.35,0.75,0.6
189,0.35,0.9,0.6,1,0.65,0.8,0.65,0.8,1.15,1.16350365,1.15,1.16350365,1.047434492,1.16350365,0.63,1.311340206,0.73,0.8106,0.9,0.7,0.75,0.6,0.6676,0.584127182,0.6,1.35,0.45,1.7,0.85,1.35,0.75,0.6
190,0.35,0.9,0.6,1,0.65,0.8,0.65,0.8,1.15,1.169160584,1.15,1.169160584,1.046219618,1.169160584,0.617,1.317783505,0.73,0.8106,0.9,0.7,0.75,0.6,0.6676,0.584127182,0.6,1.35,0.45,1.7,0.85,1.35,0.75,0.6
191,0.35,0.9,0.6,1,0.65,0.8,0.65,0.8,1.15,1.174817518,1.15,1.174817518,1.04472931,1.174817518,0.604,1.324226804,0.73,0.8106,0.9,0.7,0.75,0.6,0.6676,0.584127182,0.6,1.35,0.45,1.7,0.85,1.35,0.75,0.6
192,0.35,0.9,0.6,1,0.65,0.8,0.65,0.8,1.15,1.180474453,1.15,1.180474453,1.04296,1.180474453,0.591,1.330670103,0.73,0.8106,0.9,0.7,0.75,0.6,0.6676,0.584127182,0.6,1.35,0.45,1.7,0.85,1.35,0.75,0.6
193,0.35,0.9,0.6,1,0.65,0.8,0.65,0.8,1.15,1.186131387,1.15,1.186131387,1.040908121,1.186131387,0.578,1.337113402,0.73,0.8106,0.9,0.7,0.75,0.6,0.6676,0.584127182,0.6,1.35,0.45,1.7,0.85,1.35,0.75,0.6
194,0.35,0.9,0.6,1,0.65,0.8,0.65,0.8,1.15,1.191788321,1.15,1.191788321,1.038570104,1.191788321,0.565,1.343556701,0.73,0.8106,0.9,0.7,0.75,0.6,0.6676,0.584127182,0.6,1.35,0.45,1.7,0.85,1.35,0.75,0.6
195,0.35,0.9,0.6,1,0.65,0.8,0.65,0.8,1.15,1.197445255,1.15,1.197445255,1.035942383,1.197445255,0.552,1.35,0.73,0.8106,0.9,0.7,0.75,0.6,0.6676,0.584127182,0.6,1.35,0.45,1.7,0.85,1.35,0.75,0.6
196,0.35,0.9,0.6,1,0.65,0.8,0.65,0.8,1.13875,1.20310219,1.13875,1.20310219,1.033021389,1.20310219,0.539,1.35,0.73,0.8106,0.9,0.7,0.75,0.6,0.6676,0.584127182,0.6,1.35,0.45,1.7,0.85,1.35,0.75,0.6
197,0.35,0.9,0.6,1,0.65,0.8,0.65,0.8,1.1275,1.208759124,1.1275,1.208759124,1.029803555,1.208759124,0.526,1.35,0.73,0.8106,0.9,0.7,0.75,0.6,0.6676,0.584127182,0.6,1.35,0.45,1.7,0.85,1.35,0.75,0.6
198,0.35,0.9,0.6,1,0.65,0.8,0.65,0.8,1.11625,1.214416058,1.11625,1.214416058,1.026285313,1.214416058,0.513,1.35,0.73,0.8106,0.9,0.7,0.75,0.6,0.6676,0.584127182,0.6,1.35,0.45,1.7,0.85,1.35,0.75,0.6
199,0.35,0.9,0.6,1,0.65,0.8,0.65,0.8,1.105,1.220072993,1.105,1.220072993,1.022463095,1.220072993,0.5,1.35,0.73,0.8106,0.9,0.7,0.75,0.6,0.6676,0.584127182,0.6,1.35,0.45,1.7,0.85,1.35,0.75,0.6
200,0.35,0.9,0.6,1,0.65,0.8,0.65,0.8,1.09375,1.225729927,1.09375,1.225729927,1.018333333,1.225729927,0.487,1.35,0.73,0.8106,0.9,0.7,0.75,0.6,0.6676,0.584127182,0.6,1.35,0.45,1.7,0.85,1.35,0.75,0.6
201,0.35,0.9,0.6,1,0.65,0.8,0.65,0.8,1.0825,1.231386861,1.0825,1.231386861,1.013892461,1.231386861,0.474,1.35,0.73,0.8106,0.9,0.7,0.75,0.6,0.6676,0.584127182,0.6,1.35,0.45,1.7,0.85,1.35,0.75,0.6
202,0.35,0.9,0.6,1,0.65,0.8,0.65,0.8,1.07125,1.237043796,1.07125,1.237043796,1.00913691,1.237043796,0.461,1.35,0.73,0.8106,0.9,0.7,0.75,0.6,0.6676,0.584127182,0.6,1.35,0.45,1.7,0.85,1.35,0.75,0.6
203,0.35,0.9,0.6,1,0.65,0.8,0.65,0.8,1.06,1.24270073,1.06,1.24270073,1.004063112,1.24270073,0.448,1.35,0.73,0.8106,0.9,0.7,0.75,0.6,0.6676,0.584127182,0.6,1.35,0.45,1.7,0.85,1.35,0.75,0.6
204,0.35,0.9,0.6,1,0.65,0.8,0.65,0.8,1.04875,1.248357664,1.04875,1.248357664,0.9986675,1.248357664,0.435,1.35,0.73,0.8106,0.9,0.7,0.75,0.6,0.6676,0.584127182,0.6,1.35,0.45,1.7,0.85,1.35,0.75,0.6
205,0.35,0.9,0.6,1,0.65,0.8,0.65,0.8,1.0375,1.254014599,1.0375,1.254014599,0.992946506,1.254014599,0.422,1.35,0.73,0.8106,0.9,0.7,0.75,0.6,0.6676,0.584127182,0.6,1.35,0.45,1.7,0.85,1.35,0.75,0.6
206,0.35,0.9,0.6,1,0.65,0.8,0.65,0.8,1.02625,1.259671533,1.02625,1.259671533,0.986896563,1.259671533,0.409,1.35,0.73,0.8106,0.9,0.7,0.75,0.6,0.6676,0.584127182,0.6,1.35,0.45,1.7,0.85,1.35,0.75,0.6
207,0.35,0.9,0.6,1,0.65,0.8,0.65,0.8,1.015,1.265328467,1.015,1.265328467,0.980514102,1.265328467,0.396,1.35,0.73,0.8106,0.9,0.7,0.75,0.6,0.6676,0.584127182,0.6,1.35,0.45,1.7,0.85,1.35,0.75,0.6
208,0.35,0.9,0.6,1,0.65,0.8,0.65,0.8,1.00375,1.270985401,1.00375,1.270985401,0.973795556,1.270985401,0.383,1.35,0.73,0.8106,0.9,0.7,0.75,0.6,0.6676,0.584127182,0.6,1.35,0.45,1.7,0.85,1.35,0.75,0.6
209,0.35,0.9,0.6,1,0.65,0.8,0.65,0.8,0.9925,1.276642336,0.9925,1.276642336,0.966737357,1.276642336,0.37,1.35,0.73,0.8106,0.9,0.7,0.75,0.6,0.6676,0.584127182,0.6,1.35,0.45,1.7,0.85,1.35,0.75,0.6
210,0.35,0.9,0.6,1,0.65,0.8,0.65,0.8,0.98125,1.28229927,0.98125,1.28229927,0.959335937,1.28229927,0.357,1.35,0.73,0.8106,0.9,0.7,0.75,0.6,0.6676,0.584127182,0.6,1.35,0.45,1.7,0.85,1.35,0.75,0.6
211,0.35,0.9,0.6,1,0.65,0.8,0.65,0.8,0.97,1.287956204,0.97,1.287956204,0.95158773,1.287956204,0.344,1.35,0.73,0.8106,0.9,0.7,0.75,0.6,0.6676,0.584127182,0.6,1.35,0.45,1.7,0.85,1.35,0.75,0.6
212,0.35,0.9,0.6,1,0.65,0.8,0.65,0.8,0.95875,1.293613139,0.95875,1.293613139,0.943489167,1.293613139,0.331,1.35,0.73,0.8106,0.9,0.7,0.75,0.6,0.6676,0.584127182,0.6,1.35,0.45,1.7,0.85,1.35,0.75,0.6
213,0.35,0.9,0.6,1,0.65,0.8,0.65,0.8,0.9475,1.299270073,0.9475,1.299270073,0.93503668,1.299270073,0.318,1.35,0.73,0.8106,0.9,0.7,0.75,0.6,0.6676,0.584127182,0.6,1.35,0.45,1.7,0.85,1.35,0.75,0.6
214,0.35,0.9,0.6,1,0.65,0.8,0.65,0.8,0.93625,1.304927007,0.93625,1.304927007,0.926226701,1.304927007,0.305,1.35,0.73,0.8106,0.9,0.7,0.75,0.6,0.6676,0.584127182,0.6,1.35,0.45,1.7,0.85,1.35,0.75,0.6
215,0.35,0.9,0.6,1,0.65,0.8,0.65,0.8,0.925,1.310583942,0.925,1.310583942,0.917055664,1.310583942,0.292,1.35,0.73,0.8106,0.9,0.7,0.75,0.6,0.6676,0.584127182,0.6,1.35,0.45,1.7,0.85,1.35,0.75,0.6
216,0.35,0.9,0.6,1,0.65,0.8,0.65,0.8,0.91375,1.316240876,0.91375,1.316240876,0.90752,1.316240876,0.279,1.35,0.73,0.8106,0.9,0.7,0.75,0.6,0.6676,0.584127182,0.6,1.35,0.45,1.7,0.85,1.35,0.75,0.6
217,0.35,0.9,0.6,1,0.65,0.8,0.65,0.8,0.9025,1.32189781,0.9025,1.32189781,0.897616141,1.32189781,0.266,1.35,0.73,0.8106,0.9,0.7,0.75,0.6,0.6676,0.584127182,0.6,1.35,0.45,1.7,0.85,1.35,0.75,0.6
218,0.35,0.9,0.6,1,0.65,0.8,0.65,0.8,0.89125,1.327554745,0.89125,1.327554745,0.887340521,1.327554745,0.253,1.35,0.73,0.8106,0.9,0.7,0.75,0.6,0.6676,0.584127182,0.6,1.35,0.45,1.7,0.85,1.35,0.75,0.6
219,0.35,0.9,0.6,1,0.65,0.8,0.65,0.8,0.88,1.333211679,0.88,1.333211679,0.87668957,1.333211679,0.24,1.35,0.73,0.8106,0.9,0.7,0.75,0.6,0.6676,0.584127182,0.6,1.35,0.45,1.7,0.85,1.35,0.75,0.6
220,0.35,0.9,0.6,1,0.65,0.8,0.65,0.8,0.86875,1.338868613,0.86875,1.338868613,0.865659722,1.338868613,0.227,1.35,0.73,0.8106,0.9,0.7,0.75,0.6,0.6676,0.584127182,0.6,1.35,0.45,1.7,0.85,1.35,0.75,0.6
221,0.35,0.9,0.6,1,0.65,0.8,0.65,0.8,0.8575,1.344525547,0.8575,1.344525547,0.854247409,1.344525547,0.214,1.35,0.73,0.8106,0.9,0.7,0.75,0.6,0.6676,0.584127182,0.6,1.35,0.45,1.7,0.85,1.35,0.75,0.6
222,0.35,0.9,0.6,1,0.65,0.8,0.65,0.8,0.84625,1.350182482,0.84625,1.350182482,0.842449062,1.350182482,0.201,1.35,0.73,0.8106,0.9,0.7,0.75,0.6,0.6676,0.584127182,0.6,1.35,0.45,1.7,0.85,1.35,0.75,0.6
223,0.35,0.9,0.6,1,0.65,0.8,0.65,0.8,0.835,1.355839416,0.835,1.355839416,0.830261115,1.355839416,0.188,1.35,0.73,0.8106,0.9,0.7,0.75,0.6,0.6676,0.584127182,0.6,1.35,0.45,1.7,0.85,1.35,0.75,0.6
224,0.35,0.9,0.6,1,0.65,0.8,0.65,0.8,0.82375,1.36149635,0.82375,1.36149635,0.81768,1.36149635,0.175,1.35,0.73,0.8106,0.9,0.7,0.75,0.6,0.6676,0.584127182,0.6,1.35,0.45,1.7,0.85,1.35,0.75,0.6
225,0.35,0.9,0.6,1,0.65,0.8,0.65,0.8,0.8125,1.367153285,0.8125,1.367153285,0.804702148,1.367153285,0.162,1.35,0.73,0.8106,0.9,0.7,0.75,0.6,0.6676,0.584127182,0.6,1.35,0.45,1.7,0.85,1.35,0.75,0.6
226,0.35,0.9,0.6,1,0.65,0.8,0.65,0.8,0.80125,1.372810219,0.80125,1.372810219,0.791323993,1.372810219,0.149,1.35,0.73,0.8106,0.9,0.7,0.75,0.6,0.6676,0.584127182,0.6,1.35,0.45,1.7,0.85,1.35,0.75,0.6
227,0.35,0.9,0.6,1,0.65,0.8,0.65,0.8,0.79,1.378467153,0.79,1.378467153,0.777541966,1.378467153,0.136,1.35,0.73,0.8106,0.9,0.7,0.75,0.6,0.6676,0.584127182,0.6,1.35,0.45,1.7,0.85,1.35,0.75,0.6
228,0.35,0.9,0.6,1,0.65,0.8,0.65,0.8,0.77875,1.384124088,0.77875,1.384124088,0.7633525,1.384124088,0.123,1.35,0.73,0.8106,0.9,0.7,0.75,0.6,0.6676,0.584127182,0.6,1.35,0.45,1.7,0.85,1.35,0.75,0.6
229,0.35,0.9,0.6,1,0.65,0.8,0.65,0.8,0.7675,1.389781022,0.7675,1.389781022,0.748752027,1.389781022,0.11,1.35,0.73,0.8106,0.9,0.7,0.75,0.6,0.6676,0.584127182,0.6,1.35,0.45,1.7,0.85,1.35,0.75,0.6
230,0.35,0.9,0.6,1,0.65,0.8,0.65,0.8,0.75625,1.395437956,0.75625,1.395437956,0.733736979,1.395437956,0.097,1.35,0.73,0.8106,0.9,0.7,0.75,0.6,0.6676,0.584127182,0.6,1.35,0.45,1.7,0.85,1.35,0.75,0.6
231,0.35,0.9,0.6,1,0.65,0.8,0.65,0.8,0.745,1.401094891,0.745,1.401094891,0.718303789,1.401094891,0.084,1.35,0.73,0.8106,0.9,0.7,0.75,0.6,0.6676,0.584127182,0.6,1.35,0.45,1.7,0.85,1.35,0.75,0.6
232,0.35,0.9,0.6,1,0.65,0.8,0.65,0.8,0.73375,1.406751825,0.73375,1.406751825,0.702448889,1.406751825,0.071,1.35,0.73,0.8106,0.9,0.7,0.75,0.6,0.6676,0.584127182,0.6,1.35,0.45,1.7,0.85,1.35,0.75,0.6
233,0.35,0.9,0.6,1,0.65,0.8,0.65,0.8,0.7225,1.412408759,0.7225,1.412408759,0.686168711,1.412408759,0.058,1.35,0.73,0.8106,0.9,0.7,0.75,0.6,0.6676,0.584127182,0.6,1.35,0.45,1.7,0.85,1.35,0.75,0.6
234,0.35,0.9,0.6,1,0.65,0.8,0.65,0.8,0.71125,1.418065693,0.71125,1.418065693,0.669459688,1.418065693,0.045,1.35,0.73,0.8106,0.9,0.7,0.75,0.6,0.6676,0.584127182,0.6,1.35,0.45,1.7,0.85,1.35,0.75,0.6
235,0.35,0.9,0.6,1,0.65,0.8,0.65,0.8,0.7,1.423722628,0.7,1.423722628,0.652318251,1.423722628,0.032,1.35,0.73,0.8106,0.9,0.7,0.75,0.6,0.6676,0.584127182,0.6,1.35,0.45,1.7,0.85,1.35,0.75,0.6
236,0.35,0.9,0.6,1,0.65,0.8,0.65,0.8,0.68875,1.429379562,0.68875,1.429379562,0.634740833,1.429379562,0.019,1.35,0.73,0.8106,0.9,0.7,0.75,0.6,0.6676,0.584127182,0.6,1.35,0.45,1.7,0.85,1.35,0.75,0.6
237,0.35,0.9,0.6,1,0.65,0.8,0.65,0.8,0.6775,1.435036496,0.6775,1.435036496,0.616723867,1.435036496,0.006,1.35,0.73,0.8106,0.9,0.7,0.75,0.6,0.6676,0.584127182,0.6,1.35,0.45,1.7,0.85,1.35,0.75,0.6
238,0.35,0.9,0.6,1,0.65,0.8,0.65,0.8,0.66625,1.440693431,0.66625,1.440693431,0.598263785,1.440693431,0.006,1.35,0.73,0.8106,0.9,0.7,0.75,0.6,0.6676,0.584127182,0.6,1.35,0.45,1.7,0.85,1.35,0.75,0.6
239,0.35,0.9,0.6,1,0.65,0.8,0.65,0.8,0.655,1.446350365,0.655,1.446350365,0.579357018,1.446350365,0.006,1.35,0.73,0.8106,0.9,0.7,0.75,0.6,0.6676,0.584127182,0.6,1.35,0.45,1.7,0.85,1.35,0.75,0.6
240,0.35,0.9,0.6,1,0.65,0.8,0.65,0.8,0.64375,1.452007299,0.64375,1.452007299,0.56,1.452007299,0.006,1.35,0.73,0.8106,0.9,0.7,0.75,0.6,0.6676,0.584127182,0.6,1.35,0.45,1.7,0.85,1.35,0.75,0.6
241,0.35,0.9,0.6,1,0.65,0.8,0.65,0.8,0.6325,1.457664234,0.6325,1.457664234,0.56,1.457664234,0.006,1.35,0.73,0.8106,0.9,0.7,0.75,0.6,0.6676,0.584127182,0.6,1.35,0.45,1.7,0.85,1.35,0.75,0.6
242,0.35,0.9,0.6,1,0.65,0.8,0.65,0.8,0.62125,1.463321168,0.62125,1.463321168,0.56,1.463321168,0.006,1.35,0.73,0.8106,0.9,0.7,0.75,0.6,0.6676,0.584127182,0.6,1.35,0.45,1.7,0.85,1.35,0.75,0.6
243,0.35,0.9,0.6,1,0.65,0.8,0.65,0.8,0.61,1.468978102,0.61,1.468978102,0.56,1.468978102,0.006,1.35,0.73,0.8106,0.9,0.7,0.75,0.6,0.6676,0.584127182,0.6,1.35,0.45,1.7,0.85,1.35,0.75,0.6
244,0.35,0.9,0.6,1,0.65,0.8,0.65,0.8,0.59875,1.474635036,0.59875,1.474635036,0.56,1.474635036,0.006,1.35,0.73,0.8106,0.9,0.7,0.75,0.6,0.6676,0.584127182,0.6,1.35,0.45,1.7,0.85,1.35,0.75,0.6
245,0.35,0.9,0.6,1,0.65,0.8,0.65,0.8,0.5875,1.480291971,0.5875,1.480291971,0.56,1.480291971,0.006,1.35,0.73,0.8106,0.9,0.7,0.75,0.6,0.6676,0.584127182,0.6,1.35,0.45,1.7,0.85,1.35,0.75,0.6
246,0.35,0.9,0.6,1,0.65,0.8,0.65,0.8,0.57625,1.485948905,0.57625,1.485948905,0.56,1.485948905,0.006,1.35,0.73,0.8106,0.9,0.7,0.75,0.6,0.6676,0.584127182,0.6,1.35,0.45,1.7,0.85,1.35,0.75,0.6
247,0.35,0.9,0.6,1,0.65,0.8,0.65,0.8,0.565,1.491605839,0.565,1.491605839,0.56,1.491605839,0.006,1.35,0.73,0.8106,0.9,0.7,0.75,0.6,0.6676,0.584127182,0.6,1.35,0.45,1.7,0.85,1.35,0.75,0.6
248,0.35,0.9,0.6,1,0.65,0.8,0.65,0.8,0.55375,1.497262774,0.55375,1.497262774,0.56,1.497262774,0.006,1.35,0.73,0.8106,0.9,0.7,0.75,0.6,0.6676,0.584127182,0.6,1.35,0.45,1.7,0.85,1.35,0.75,0.6
249,0.35,0.9,0.6,1,0.65,0.8,0.65,0.8,0.5425,1.502919708,0.5425,1.502919708,0.56,1.502919708,0.006,1.35,0.73,0.8106,0.9,0.7,0.75,0.6,0.6676,0.584127182,0.6,1.35,0.45,1.7,0.85,1.35,0.75,0.6
250,0.35,0.9,0.6,1,0.65,0.8,0.65,0.8,0.53125,1.508576642,0.53125,1.508576642,0.56,1.508576642,0.006,1.35,0.73,0.8106,0.9,0.7,0.75,0.6,0.6676,0.584127182,0.6,1.35,0.45,1.7,0.85,1.35,0.75,0.6
251,0.35,0.9,0.6,1,0.65,0.8,0.65,0.8,0.52,1.514233577,0.52,1.514233577,0.56,1.514233577,0.006,1.35,0.73,0.8106,0.9,0.7,0.75,0.6,0.6676,0.584127182,0.6,1.35,0.45,1.7,0.85,1.35,0.75,0.6
252,0.35,0.9,0.6,1,0.65,0.8,0.65,0.8,0.50875,1.519890511,0.50875,1.519890511,0.56,1.519890511,0.006,1.35,0.73,0.8106,0.9,0.7,0.75,0.6,0.6676,0.584127182,0.6,1.35,0.45,1.7,0.85,1.35,0.75,0.6
253,0.35,0.9,0.6,1,0.65,0.8,0.65,0.8,0.4975,1.525547445,0.4975,1.525547445,0.56,1.525547445,0.006,1.35,0.73,0.8106,0.9,0.7,0.75,0.6,0.6676,0.584127182,0.6,1.35,0.45,1.7,0.85,1.35,0.75,0.6
254,0.35,0.9,0.6,1,0.65,0.8,0.65,0.8,0.48625,1.53120438,0.48625,1.53120438,0.56,1.53120438,0.006,1.35,0.73,0.8106,0.9,0.7,0.75,0.6,0.6676,0.584127182,0.6,1.35,0.45,1.7,0.85,1.35,0.75,0.6
255,0.35,0.9,0.6,1,0.65,0.8,0.65,0.8,0.475,1.536861314,0.475,1.536861314,0.56,1.536861314,0.006,1.35,0.73,0.8106,0.9,0.7,0.75,0.6,0.6676,0.584127182,0.6,1.35,0.45,1.7,0.85,1.35,0.75,0.6
256,0.35,0.9,0.6,1,0.65,0.8,0.65,0.8,0.46375,1.542518248,0.46375,1.542518248,0.56,1.542518248,0.006,1.35,0.73,0.8106,0.9,0.7,0.75,0.6,0.6676,0.584127182,0.6,1.35,0.45,1.7,0.85,1.35,0.75,0.6
257,0.35,0.9,0.6,1,0.65,0.8,0.65,0.8,0.4525,1.548175182,0.4525,1.548175182,0.56,1.548175182,0.006,1.35,0.73,0.8106,0.9,0.7,0.75,0.6,0.6676,0.584127182,0.6,1.35,0.45,1.7,0.85,1.35,0.75,0.6
258,0.35,0.9,0.6,1,0.65,0.8,0.65,0.8,0.44125,1.553832117,0.44125,1.553832117,0.56,1.553832117,0.006,1.35,0.73,0.8106,0.9,0.7,0.75,0.6,0.6676,0.584127182,0.6,1.35,0.45,1.7,0.85,1.35,0.75,0.6
259,0.35,0.9,0.6,1,0.65,0.8,0.65,0.8,0.43,1.559489051,0.43,1.559489051,0.56,1.559489051,0.006,1.35,0.73,0.8106,0.9,0.7,0.75,0.6,0.6676,0.584127182,0.6,1.35,0.45,1.7,0.85,1.35,0.75,0.6
260,0.35,0.9,0.6,1,0.65,0.8,0.65,0.8,0.41875,1.565145985,0.41875,1.565145985,0.56,1.565145985,0.006,1.35,0.73,0.8106,0.9,0.7,0.75,0.6,0.6676,0.584127182,0.6,1.35,0.45,1.7,0.85,1.35,0.75,0.6
261,0.35,0.9,0.6,1,0.65,0.8,0.65,0.8,0.4075,1.57080292,0.4075,1.57080292,0.56,1.57080292,0.006,1.35,0.73,0.8106,0.9,0.7,0.75,0.6,0.6676,0.584127182,0.6,1.35,0.45,1.7,0.85,1.35,0.75,0.6
262,0.35,0.9,0.6,1,0.65,0.8,0.65,0.8,0.39625,1.576459854,0.39625,1.576459854,0.56,1.576459854,0.006,1.35,0.73,0.8106,0.9,0.7,0.75,0.6,0.6676,0.584127182,0.6,1.35,0.45,1.7,0.85,1.35,0.75,0.6
263,0.35,0.9,0.6,1,0.65,0.8,0.65,0.8,0.385,1.582116788,0.385,1.582116788,0.56,1.582116788,0.006,1.35,0.73,0.8106,0.9,0.7,0.75,0.6,0.6676,0.584127182,0.6,1.35,0.45,1.7,0.85,1.35,0.75,0.6
264,0.35,0.9,0.6,1,0.65,0.8,0.65,0.8,0.37375,1.587773723,0.37375,1.587773723,0.56,1.587773723,0.006,1.35,0.73,0.8106,0.9,0.7,0.75,0.6,0.6676,0.584127182,0.6,1.35,0.45,1.7,0.85,1.35,0.75,0.6
265,0.35,0.9,0.6,1,0.65,0.8,0.65,0.8,0.3625,1.593430657,0.3625,1.593430657,0.56,1.593430657,0.006,1.35,0.73,0.8106,0.9,0.7,0.75,0.6,0.6676,0.584127182,0.6,1.35,0.45,1.7,0.85,1.35,0.75,0.6
266,0.35,0.9,0.6,1,0.65,0.8,0.65,0.8,0.35125,1.599087591,0.35125,1.599087591,0.56,1.599087591,0.006,1.35,0.73,0.8106,0.9,0.7,0.75,0.6,0.6676,0.584127182,0.6,1.35,0.45,1.7,0.85,1.35,0.75,0.6
267,0.35,0.9,0.6,1,0.65,0.8,0.65,0.8,0.34,1.604744526,0.34,1.604744526,0.56,1.604744526,0.006,1.35,0.73,0.8106,0.9,0.7,0.75,0.6,0.6676,0.584127182,0.6,1.35,0.45,1.7,0.85,1.35,0.75,0.6
268,0.35,0.9,0.6,1,0.65,0.8,0.65,0.8,0.32875,1.61040146,0.32875,1.61040146,0.56,1.61040146,0.006,1.35,0.73,0.8106,0.9,0.7,0.75,0.6,0.6676,0.584127182,0.6,1.35,0.45,1.7,0.85,1.35,0.75,0.6
269,0.35,0.9,0.6,1,0.65,0.8,0.65,0.8,0.3175,1.616058394,0.3175,1.616058394,0.56,1.616058394,0.006,1.35,0.73,0.8106,0.9,0.7,0.75,0.6,0.6676,0.584127182,0.6,1.35,0.45,1.7,0.85,1.35,0.75,0.6
270,0.35,0.9,0.6,1,0.65,0.8,0.65,0.8,0.30625,1.621715328,0.30625,1.621715328,0.56,1.621715328,0.006,1.35,0.73,0.8106,0.9,0.7,0.75,0.6,0.6676,0.584127182,0.6,1.35,0.45,1.7,0.85,1.35,0.75,0.6
271,0.35,0.9,0.6,1,0.65,0.8,0.65,0.8,0.295,1.627372263,0.295,1.627372263,0.56,1.627372263,0.006,1.35,0.73,0.8106,0.9,0.7,0.75,0.6,0.6676,0.584127182,0.6,1.35,0.45,1.7,0.85,1.35,0.75,0.6
272,0.35,0.9,0.6,1,0.65,0.8,0.65,0.8,0.28375,1.633029197,0.28375,1.633029197,0.56,1.633029197,0.006,1.35,0.73,0.8106,0.9,0.7,0.75,0.6,0.6676,0.584127182,0.6,1.35,0.45,1.7,0.85,1.35,0.75,0.6
273,0.35,0.9,0.6,1,0.65,0.8,0.65,0.8,0.2725,1.638686131,0.2725,1.638686131,0.56,1.638686131,0.006,1.35,0.73,0.8106,0.9,0.7,0.75,0.6,0.6676,0.584127182,0.6,1.35,0.45,1.7,0.85,1.35,0.75,0.6
274,0.35,0.9,0.6,1,0.65,0.8,0.65,0.8,0.26125,1.644343066,0.26125,1.644343066,0.56,1.644343066,0.006,1.35,0.73,0.8106,0.9,0.7,0.75,0.6,0.6676,0.584127182,0.6,1.35,0.45,1.7,0.85,1.35,0.75,0.6
275,0.35,0.9,0.6,1,0.65,0.8,0.65,0.8,0.25,1.65,0.25,1.65,0.56,1.65,0.006,1.35,0.73,0.8106,0.9,0.7,0.75,0.6,0.6676,0.584127182,0.6,1.35,0.45,1.7,0.85,1.35,0.75,0.6
276,0.35,0.9,0.6,1,0.65,0.8,0.65,0.8,0.25,1.65,0.25,1.65,0.56,1.65,0.006,1.35,0.73,0.8106,0.9,0.7,0.75,0.6,0.6676,0.584127182,0.6,1.35,0.45,1.7,0.85,1.35,0.75,0.6
277,0.35,0.9,0.6,1,0.65,0.8,0.65,0.8,0.25,1.65,0.25,1.65,0.56,1.65,0.006,1.35,0.73,0.8106,0.9,0.7,0.75,0.6,0.6676,0.584127182,0.6,1.35,0.45,1.7,0.85,1.35,0.75,0.6
278,0.35,0.9,0.6,1,0.65,0.8,0.65,0.8,0.25,1.65,0.25,1.65,0.56,1.65,0.006,1.35,0.73,0.8106,0.9,0.7,0.75,0.6,0.6676,0.584127182,0.6,1.35,0.45,1.7,0.85,1.35,0.75,0.6
279,0.35,0.9,0.6,1,0.65,0.8,0.65,0.8,0.25,1.65,0.25,1.65,0.56,1.65,0.006,1.35,0.73,0.8106,0.9,0.7,0.75,0.6,0.6676,0.584127182,0.6,1.35,0.45,1.7,0.85,1.35,0.75,0.6
280,0.35,0.9,0.6,1,0.65,0.8,0.65,0.8,0.25,1.65,0.25,1.65,0.56,1.65,0.006,1.35,0.73,0.8106,0.9,0.7,0.75,0.6,0.6676,0.584127182,0.6,1.35,0.45,1.7,0.85,1.35,0.75,0.6
281,0.35,0.9,0.6,1,0.65,0.8,0.65,0.8,0.25,1.65,0.25,1.65,0.56,1.65,0.006,1.35,0.73,0.8106,0.9,0.7,0.75,0.6,0.6676,0.584127182,0.6,1.35,0.45,1.7,0.85,1.35,0.75,0.6
282,0.35,0.9,0.6,1,0.65,0.8,0.65,0.8,0.25,1.65,0.25,1.65,0.56,1.65,0.006,1.35,0.73,0.8106,0.9,0.7,0.75,0.6,0.6676,0.584127182,0.6,1.35,0.45,1.7,0.85,1.35,0.75,0.6
283,0.35,0.9,0.6,1,0.65,0.8,0.65,0.8,0.25,1.65,0.25,1.65,0.56,1.65,0.006,1.35,0.73,0.8106,0.9,0.7,0.75,0.6,0.6676,0.584127182,0.6,1.35,0.45,1.7,0.85,1.35,0.75,0.6
284,0.35,0.9,0.6,1,0.65,0.8,0.65,0.8,0.25,1.65,0.25,1.65,0.56,1.65,0.006,1.35,0.73,0.8106,0.9,0.7,0.75,0.6,0.6676,0.584127182,0.6,1.35,0.45,1.7,0.85,1.35,0.75,0.6
285,0.35,0.9,0.6,1,0.65,0.8,0.65,0.8,0.25,1.65,0.25,1.65,0.56,1.65,0.006,1.35,0.73,0.8106,0.9,0.7,0.75,0.6,0.6676,0.584127182,0.6,1.35,0.45,1.7,0.85,1.35,0.75,0.6
286,0.35,0.9,0.6,1,0.65,0.8,0.65,0.8,0.25,1.65,0.25,1.65,0.56,1.65,0.006,1.35,0.73,0.8106,0.9,0.7,0.75,0.6,0.6676,0.584127182,0.6,1.35,0.45,1.7,0.85,1.35,0.75,0.6
287,0.35,0.9,0.6,1,0.65,0.8,0.65,0.8,0.25,1.65,0.25,1.65,0.56,1.65,0.006,1.35,0.73,0.8106,0.9,0.7,0.75,0.6,0.6676,0.584127182,0.6,1.35,0.45,1.7,0.85,1.35,0.75,0.6
288,0.35,0.9,0.6,1,0.65,0.8,0.65,0.8,0.25,1.65,0.25,1.65,0.56,1.65,0.006,1.35,0.73,0.8106,0.9,0.7,0.75,0.6,0.6676,0.584127182,0.6,1.35,0.45,1.7,0.85,1.35,0.75,0.6
289,0.35,0.9,0.6,1,0.65,0.8,0.65,0.8,0.25,1.65,0.25,1.65,0.56,1.65,0.006,1.35,0.73,0.8106,0.9,0.7,0.75,0.6,0.6676,0.584127182,0.6,1.35,0.45,1.7,0.85,1.35,0.75,0.6
290,0.35,0.9,0.6,1,0.65,0.8,0.65,0.8,0.25,1.65,0.25,1.65,0.56,1.65,0.006,1.35,0.73,0.8106,0.9,0.7,0.75,0.6,0.6676,0.584127182,0.6,1.35,0.45,1.7,0.85,1.35,0.75,0.6
291,0.35,0.9,0.6,1,0.65,0.8,0.65,0.8,0.25,1.65,0.25,1.65,0.56,1.65,0.006,1.35,0.73,0.8106,0.9,0.7,0.75,0.6,0.6676,0.584127182,0.6,1.35,0.45,1.7,0.85,1.35,0.75,0.6
292,0.35,0.9,0.6,1,0.65,0.8,0.65,0.8,0.25,1.65,0.25,1.65,0.56,1.65,0.006,1.35,0.73,0.8106,0.9,0.7,0.75,0.6,0.6676,0.584127182,0.6,1.35,0.45,1.7,0.85,1.35,0.75,0.6
293,0.35,0.9,0.6,1,0.65,0.8,0.65,0.8,0.25,1.65,0.25,1.65,0.56,1.65,0.006,1.35,0.73,0.8106,0.9,0.7,0.75,0.6,0.6676,0.584127182,0.6,1.35,0.45,1.7,0.85,1.35,0.75,0.6
294,0.35,0.9,0.6,1,0.65,0.8,0.65,0.8,0.25,1.65,0.25,1.65,0.56,1.65,0.006,1.35,0.73,0.8106,0.9,0.7,0.75,0.6,0.6676,0.584127182,0.6,1.35,0.45,1.7,0.85,1.35,0.75,0.6
295,0.35,0.9,0.6,1,0.65,0.8,0.65,0.8,0.25,1.65,0.25,1.65,0.56,1.65,0.006,1.35,0.73,0.8106,0.9,0.7,0.75,0.6,0.6676,0.584127182,0.6,1.35,0.45,1.7,0.85,1.35,0.75,0.6
296,0.35,0.9,0.6,1,0.65,0.8,0.65,0.8,0.25,1.65,0.25,1.65,0.56,1.65,0.006,1.35,0.73,0.8106,0.9,0.7,0.75,0.6,0.6676,0.584127182,0.6,1.35,0.45,1.7,0.85,1.35,0.75,0.6
297,0.35,0.9,0.6,1,0.65,0.8,0.65,0.8,0.25,1.65,0.25,1.65,0.56,1.65,0.006,1.35,0.73,0.8106,0.9,0.7,0.75,0.6,0.6676,0.584127182,0.6,1.35,0.45,1.7,0.85,1.35,0.75,0.6
298,0.35,0.9,0.6,1,0.65,0.8,0.65,0.8,0.25,1.65,0.25,1.65,0.56,1.65,0.006,1.35,0.73,0.8106,0.9,0.7,0.75,0.6,0.6676,0.584127182,0.6,1.35,0.45,1.7,0.85,1.35,0.75,0.6
299,0.35,0.9,0.6,1,0.65,0.8,0.65,0.8,0.25,1.65,0.25,1.65,0.56,1.65,0.006,1.35,0.73,0.8106,0.9,0.7,0.75,0.6,0.6676,0.584127182,0.6,1.35,0.45,1.7,0.85,1.35,0.75,0.6
300,0.35,0.9,0.6,1,0.65,0.8,0.65,0.8,0.25,1.65,0.25,1.65,0.56,1.65,0.006,1.35,0.73,0.8106,0.9,0.7,0.75,0.6,0.6676,0.584127182,0.6,1.35,0.45,1.7,0.85,1.35,0.75,0.6
